Workbook

Sheet PERBANDINGAN JUMLAH
A1: KODE | B1: INSTANSI | C1: JENIS ASN | D1: JENIS KELAMIN ASN | E1: GOLONGAN ASN | F1: PENDIDIKAN ASN | G1: USIA ASN | H1: GENERASI ASN | I1: JABATAN ASN | J1: MASA KERJA ASN | K1: KELOMPOK JABATAN | L1: KESESUAIAN JUMLAH
M2: SELISIH
A3: 3003 | B3: Kementerian Pertahanan | C3: ='JENIS ASN'!F6 -> 2806 | D3: ='JENKEL ASN'!H7 -> 2806 | E3: ='GOLONGAN ASN'!Q7 -> 2806 | F3: ='PENDIDIKAN ASN'!V7 -> 2806 | G3: ='USIA ASN'!L7 -> 2806 | H3: ='GEN ASN'!H6 -> 2806 | I3: ='GA DIPAKE JABATAN ASN'!G7 -> 0 | J3: ='MASA KERJA ASN'!H6 -> 2806 | K3: 2806 | L3: =IF(AND(C3=D3 , C3=E3 , C3=F3 , C3=G3 , C3=H3 , C3=J3), "Y", "X") -> Y | M3: ALL | N3: SESUAI | O3: TIDAK SESUAI | P3: TOTAL | Q3: PERSENTASE
A4: 3005 | B4: Kementerian Keuangan | C4: ='JENIS ASN'!F7 -> 3013 | D4: ='JENKEL ASN'!H8 -> 3013 | E4: ='GOLONGAN ASN'!Q8 -> 3013 | F4: ='PENDIDIKAN ASN'!V8 -> 3013 | G4: ='USIA ASN'!L8 -> 3013 | H4: ='GEN ASN'!H7 -> 3013 | I4: ='GA DIPAKE JABATAN ASN'!G8 -> 0 | J4: ='MASA KERJA ASN'!H7 -> 3013 | K4: 3013 | L4: =IF(AND(C4=D4 , C4=E4 , C4=F4 , C4=G4 , C4=H4 , C4=J4), "Y", "X") -> Y | N4: =COUNTIF($L$3:$L$59 , "Y") -> 46 | O4: =COUNTIF(L3:L59 , "X") -> 6 | P4: =SUM(N4:O4) -> 52 | Q4: =N4/P4*100 -> 88.461538
A5: 3006 | B5: Kementerian Pertanian | C5: ='JENIS ASN'!F8 -> 1622 | D5: ='JENKEL ASN'!H9 -> 1622 | E5: ='GOLONGAN ASN'!Q9 -> 1622 | F5: ='PENDIDIKAN ASN'!V9 -> 1622 | G5: ='USIA ASN'!L9 -> 1622 | H5: ='GEN ASN'!H8 -> 1622 | I5: ='GA DIPAKE JABATAN ASN'!G9 -> 0 | J5: ='MASA KERJA ASN'!H8 -> 1622 | K5: 1622 | L5: =IF(AND(C5=D5 , C5=E5 , C5=F5 , C5=G5 , C5=H5 , C5=J5), "Y", "X") -> Y
A6: 3012 | B6: Kementerian Agama | C6: ='JENIS ASN'!F9 -> 26106 | D6: ='JENKEL ASN'!H10 -> 26106 | E6: ='GOLONGAN ASN'!Q10 -> 26106 | F6: ='PENDIDIKAN ASN'!V10 -> 26106 | G6: ='USIA ASN'!L10 -> 26106 | H6: ='GEN ASN'!H9 -> 26106 | I6: ='GA DIPAKE JABATAN ASN'!G10 -> 0 | J6: ='MASA KERJA ASN'!H9 -> 26106 | K6: 26106 | L6: =IF(AND(C6=D6 , C6=E6 , C6=F6 , C6=G6 , C6=H6 , C6=J6), "Y", "X") -> Y
A7: 3024 | B7: Kementerian Imigrasi dan Pemasyarakatan | C7: ='JENIS ASN'!F10 -> 32 | D7: ='JENKEL ASN'!H11 -> 32 | E7: ='GOLONGAN ASN'!Q11 -> 32 | F7: ='PENDIDIKAN ASN'!V11 -> 32 | G7: ='USIA ASN'!L11 -> 32 | H7: ='GEN ASN'!H10 -> 32 | I7: ='GA DIPAKE JABATAN ASN'!G11 -> 0 | J7: ='MASA KERJA ASN'!H10 -> 32 | K7: 3657 | L7: =IF(AND(C7=D7 , C7=E7 , C7=F7 , C7=G7 , C7=H7 , C7=J7), "Y", "X") -> Y
A8: 3038 | B8: Kementerian Hukum | C8: ='JENIS ASN'!F11 -> 3657 | D8: ='JENKEL ASN'!H12 -> 3657 | E8: ='GOLONGAN ASN'!Q12 -> 3657 | F8: ='PENDIDIKAN ASN'!V12 -> 3657 | G8: ='USIA ASN'!L12 -> 3657 | H8: ='GEN ASN'!H11 -> 3657 | I8: ='GA DIPAKE JABATAN ASN'!G12 -> 0 | J8: ='MASA KERJA ASN'!H11 -> 3657 | K8: 200 | L8: =IF(AND(C8=D8 , C8=E8 , C8=F8 , C8=G8 , C8=H8 , C8=J8), "Y", "X") -> Y
A9: 4002 | B9: Kejaksaan Agung | C9: ='JENIS ASN'!F12 -> 200 | D9: ='JENKEL ASN'!H13 -> 200 | E9: ='GOLONGAN ASN'!Q13 -> 200 | F9: ='PENDIDIKAN ASN'!V13 -> 200 | G9: ='USIA ASN'!L13 -> 200 | H9: ='GEN ASN'!H12 -> 200 | I9: ='GA DIPAKE JABATAN ASN'!G13 -> 0 | J9: ='MASA KERJA ASN'!H12 -> 200 | K9: 63 | L9: =IF(AND(C9=D9 , C9=E9 , C9=F9 , C9=G9 , C9=H9 , C9=J9), "Y", "X") -> Y
A10: 4007 | B10: Mahkamah Agung RI | C10: ='JENIS ASN'!F13 -> 63 | D10: ='JENKEL ASN'!H14 -> 63 | E10: ='GOLONGAN ASN'!Q14 -> 63 | F10: ='PENDIDIKAN ASN'!V14 -> 63 | G10: ='USIA ASN'!L14 -> 63 | H10: ='GEN ASN'!H13 -> 63 | I10: ='GA DIPAKE JABATAN ASN'!G15 -> 0 | J10: ='MASA KERJA ASN'!H13 -> 63 | K10: 2368 | L10: =IF(AND(C10=D10 , C10=E10 , C10=F10 , C10=G10 , C10=H10 , C10=J10), "Y", "X") -> Y
A11: 4008 | B11: Badan Pemeriksa Keuangan | C11: ='JENIS ASN'!F14 -> 2368 | D11: ='JENKEL ASN'!H15 -> 2368 | E11: ='GOLONGAN ASN'!Q15 -> 2368 | F11: ='PENDIDIKAN ASN'!V16 -> 239 | G11: ='USIA ASN'!L16 -> 239 | H11: ='GEN ASN'!H14 -> 2368 | I11: ='GA DIPAKE JABATAN ASN'!G16 -> 0 | J11: ='MASA KERJA ASN'!H15 -> 239 | K11: 239 | L11: =IF(AND(C11=D11 , C11=E11 , C11=F11 , C11=G11 , C11=H11 , C11=J11), "Y", "X") -> X
A12: 4016 | B12: Badan Pusat Statistik | C12: ='JENIS ASN'!F15 -> 239 | D12: ='JENKEL ASN'!H17 -> 1286 | E12: ='GOLONGAN ASN'!Q16 -> 239 | F12: ='PENDIDIKAN ASN'!V17 -> 1286 | G12: ='USIA ASN'!L17 -> 1286 | H12: ='GEN ASN'!H15 -> 239 | I12: ='GA DIPAKE JABATAN ASN'!G17 -> 0 | J12: ='MASA KERJA ASN'!H16 -> 1286 | K12: 1286 | L12: =IF(AND(C12=D12 , C12=E12 , C12=F12 , C12=G12 , C12=H12 , C12=J12), "Y", "X") -> X
A13: 4020 | B13: Kementerian Kependudukan Dan Pembangunan Keluarga/Badan Kependudukan Dan Keluarga Berencana Nasional | C13: ='JENIS ASN'!F16 -> 1286 | D13: ='JENKEL ASN'!H18 -> 1746 | E13: ='GOLONGAN ASN'!Q18 -> 1746 | F13: ='PENDIDIKAN ASN'!V18 -> 1746 | G13: ='USIA ASN'!L18 -> 1746 | H13: ='GEN ASN'!H16 -> 1286 | I13: ='GA DIPAKE JABATAN ASN'!G18 -> 0 | J13: ='MASA KERJA ASN'!H17 -> 1746 | K13: 1746 | L13: =IF(AND(C13=D13 , C13=E13 , C13=F13 , C13=G13 , C13=H13 , C13=J13), "Y", "X") -> X
A14: 4023 | B14: Badan Pengawasan Keuangan dan Pembangunan | C14: ='JENIS ASN'!F17 -> 1746 | D14: ='JENKEL ASN'!H19 -> 213 | E14: ='GOLONGAN ASN'!Q19 -> 213 | F14: ='PENDIDIKAN ASN'!V19 -> 213 | G14: ='USIA ASN'!L19 -> 213 | H14: ='GEN ASN'!H17 -> 1746 | I14: ='GA DIPAKE JABATAN ASN'!G19 -> 0 | J14: ='MASA KERJA ASN'!H18 -> 213 | K14: 213 | L14: =IF(AND(C14=D14 , C14=E14 , C14=F14 , C14=G14 , C14=H14 , C14=J14), "Y", "X") -> X
A15: 4024 | B15: Kementerian Agraria dan Tata Ruang/Badan Pertanahan Nasional | C15: ='JENIS ASN'!F18 -> 213 | D15: ='JENKEL ASN'!H20 -> 206 | E15: ='GOLONGAN ASN'!Q20 -> 206 | F15: ='PENDIDIKAN ASN'!V20 -> 206 | G15: ='USIA ASN'!L20 -> 206 | H15: ='GEN ASN'!H19 -> 206 | I15: ='GA DIPAKE JABATAN ASN'!G20 -> 0 | J15: ='MASA KERJA ASN'!H19 -> 206 | K15: 206 | L15: =IF(AND(C15=D15 , C15=E15 , C15=F15 , C15=G15 , C15=H15 , C15=J15), "Y", "X") -> X
A16: 4033 | B16: Kepolisian Negara | C16: ='JENIS ASN'!F19 -> 206 | D16: ='JENKEL ASN'!H21 -> 925 | E16: ='GOLONGAN ASN'!Q21 -> 925 | F16: ='PENDIDIKAN ASN'!V21 -> 925 | G16: ='USIA ASN'!L21 -> 925 | H16: ='GEN ASN'!H20 -> 925 | I16: ='GA DIPAKE JABATAN ASN'!G21 -> 0 | J16: ='MASA KERJA ASN'!H20 -> 925 | K16: 925 | L16: =IF(AND(C16=D16 , C16=E16 , C16=F16 , C16=G16 , C16=H16 , C16=J16), "Y", "X") -> X
A17: 4071 | B17: Badan Karantina Indonesia | C17: ='JENIS ASN'!F21 -> 395 | D17: ='JENKEL ASN'!H22 -> 395 | E17: ='GOLONGAN ASN'!Q22 -> 395 | F17: ='PENDIDIKAN ASN'!V22 -> 395 | G17: ='USIA ASN'!L22 -> 395 | H17: ='GEN ASN'!H21 -> 395 | I17: ='GA DIPAKE JABATAN ASN'!G22 -> 0 | J17: ='MASA KERJA ASN'!H21 -> 395 | K17: 395 | L17: =IF(AND(C17=D17 , C17=E17 , C17=F17 , C17=G17 , C17=H17 , C17=J17), "Y", "X") -> Y
C18: =sum(C3:C17) -> 43952 | D18: =sum(D3:D17) -> 44638 | E18: =sum(E3:E17) -> 43591 | F18: =sum(F3:F17) -> 42509 | G18: =sum(G3:G17) -> 42509 | H18: =sum(H3:H17) -> 44664 | I18: =sum(I3:I17) -> 0 | J18: =sum(J3:J17) -> 42509
A19: 6100 | B19: Pemerintah Provinsi Jawa Barat | C19: ='JENIS ASN'!F23 -> 52472 | D19: ='JENKEL ASN'!H24 -> 52472 | E19: ='GOLONGAN ASN'!Q24 -> 52472 | F19: ='PENDIDIKAN ASN'!V24 -> 52472 | G19: ='USIA ASN'!L24 -> 52472 | H19: ='GEN ASN'!H23 -> 52472 | I19: ='GA DIPAKE JABATAN ASN'!G24 | J19: ='MASA KERJA ASN'!H23 -> 52472 | K19: ='KEL JABATAN FIX'!X19 -> 52472 | L19: =IF(AND(C19=D19 , C19=E19 , C19=F19 , C19=G19 , C19=H19 , C19=C19 , J19=K19), "Y", "X") -> Y | M19: =J19-K19 -> 0
A20: 6101 | B20: Pemerintah Kab. Bogor | C20: ='JENIS ASN'!F24 -> 25862 | D20: ='JENKEL ASN'!H25 -> 25862 | E20: ='GOLONGAN ASN'!Q25 -> 25862 | F20: ='PENDIDIKAN ASN'!V25 -> 25862 | G20: ='USIA ASN'!L25 -> 25862 | H20: ='GEN ASN'!H24 -> 25862 | I20: ='GA DIPAKE JABATAN ASN'!G25 | J20: ='MASA KERJA ASN'!H24 -> 25862 | K20: ='KEL JABATAN FIX'!X20 -> 25862 | L20: =IF(AND(C20=D20 , C20=E20 , C20=F20 , C20=G20 , C20=H20 , C20=C20 , J20=K20), "Y", "X") -> Y | M20: =J20-K20 -> 0
A21: 6102 | B21: Pemerintah Kab. Sukabumi | C21: ='JENIS ASN'!F25 -> 13071 | D21: ='JENKEL ASN'!H26 -> 13071 | E21: ='GOLONGAN ASN'!Q26 -> 13071 | F21: ='PENDIDIKAN ASN'!V26 -> 13071 | G21: ='USIA ASN'!L26 -> 13071 | H21: ='GEN ASN'!H25 -> 13071 | I21: ='GA DIPAKE JABATAN ASN'!G26 | J21: ='MASA KERJA ASN'!H25 -> 13071 | K21: ='KEL JABATAN FIX'!X21 -> 13071 | L21: =IF(AND(C21=D21 , C21=E21 , C21=F21 , C21=G21 , C21=H21 , C21=C21 , J21=K21), "Y", "X") -> Y | M21: =J21-K21 -> 0
A22: 6103 | B22: Pemerintah Kab. Cianjur | C22: ='JENIS ASN'!F26 -> 15452 | D22: ='JENKEL ASN'!H27 -> 15452 | E22: ='GOLONGAN ASN'!Q27 -> 15452 | F22: ='PENDIDIKAN ASN'!V27 -> 15452 | G22: ='USIA ASN'!L27 -> 15452 | H22: ='GEN ASN'!H26 -> 15452 | I22: ='GA DIPAKE JABATAN ASN'!G27 | J22: ='MASA KERJA ASN'!H26 -> 15452 | K22: ='KEL JABATAN FIX'!X22 -> 15452 | L22: =IF(AND(C22=D22 , C22=E22 , C22=F22 , C22=G22 , C22=H22 , C22=C22 , J22=K22), "Y", "X") -> Y | M22: =J22-K22 -> 0
A23: 6104 | B23: Pemerintah Kab. Bekasi | C23: ='JENIS ASN'!F27 -> 22459 | D23: ='JENKEL ASN'!H28 -> 22459 | E23: ='GOLONGAN ASN'!Q28 -> 22459 | F23: ='PENDIDIKAN ASN'!V28 -> 22459 | G23: ='USIA ASN'!L28 -> 22459 | H23: ='GEN ASN'!H27 -> 22459 | I23: ='GA DIPAKE JABATAN ASN'!G28 | J23: ='MASA KERJA ASN'!H27 -> 22459 | K23: ='KEL JABATAN FIX'!X23 -> 22459 | L23: =IF(AND(C23=D23 , C23=E23 , C23=F23 , C23=G23 , C23=H23 , C23=C23 , J23=K23), "Y", "X") -> Y | M23: =J23-K23 -> 0 | N23: DAERAH
A24: 6105 | B24: Pemerintah Kab. Karawang | C24: ='JENIS ASN'!F28 -> 13420 | D24: ='JENKEL ASN'!H29 -> 13420 | E24: ='GOLONGAN ASN'!Q29 -> 13420 | F24: ='PENDIDIKAN ASN'!V29 -> 13420 | G24: ='USIA ASN'!L29 -> 13420 | H24: ='GEN ASN'!H28 -> 13420 | I24: ='GA DIPAKE JABATAN ASN'!G29 | J24: ='MASA KERJA ASN'!H28 -> 13420 | K24: ='KEL JABATAN FIX'!X24 -> 13420 | L24: =IF(AND(C24=D24 , C24=E24 , C24=F24 , C24=G24 , C24=H24 , C24=C24 , J24=K24), "Y", "X") -> Y | M24: =J24-K24 -> 0 | N24: SESUAI | O24: TIDAK SESUAI | P24: TOTAL | Q24: PERSENTASE
A25: 6106 | B25: Pemerintah Kab. Purwakarta | C25: ='JENIS ASN'!F29 -> 8007 | D25: ='JENKEL ASN'!H30 -> 8007 | E25: ='GOLONGAN ASN'!Q30 -> 8007 | F25: ='PENDIDIKAN ASN'!V30 -> 8007 | G25: ='USIA ASN'!L30 -> 8007 | H25: ='GEN ASN'!H29 -> 8007 | I25: ='GA DIPAKE JABATAN ASN'!G30 | J25: ='MASA KERJA ASN'!H29 -> 8007 | K25: ='KEL JABATAN FIX'!X25 -> 8007 | L25: =IF(AND(C25=D25 , C25=E25 , C25=F25 , C25=G25 , C25=H25 , C25=C25 , J25=K25), "Y", "X") -> Y | M25: =J25-K25 -> 0 | N25: =COUNTIF($L$19:$L$59 , "Y") -> 37 | O25: =COUNTIF(L19:L59 , "X") -> 0 | P25: =SUM(N25:O25) -> 37 | Q25: =N25/P25*100 -> 100
A26: 6107 | B26: Pemerintah Kab. Subang | C26: ='JENIS ASN'!F30 -> 12233 | D26: ='JENKEL ASN'!H31 -> 12233 | E26: ='GOLONGAN ASN'!Q31 -> 12233 | F26: ='PENDIDIKAN ASN'!V31 -> 12233 | G26: ='USIA ASN'!L31 -> 12233 | H26: ='GEN ASN'!H30 -> 12233 | I26: ='GA DIPAKE JABATAN ASN'!G31 | J26: ='MASA KERJA ASN'!H30 -> 12233 | K26: ='KEL JABATAN FIX'!X26 -> 12233 | L26: =IF(AND(C26=D26 , C26=E26 , C26=F26 , C26=G26 , C26=H26 , C26=C26 , J26=K26), "Y", "X") -> Y | M26: =J26-K26 -> 0
A27: 6108 | B27: Pemerintah Kab. Bandung | C27: ='JENIS ASN'!F31 -> 19158 | D27: ='JENKEL ASN'!H32 -> 19158 | E27: ='GOLONGAN ASN'!Q32 -> 19158 | F27: ='PENDIDIKAN ASN'!V32 -> 19158 | G27: ='USIA ASN'!L32 -> 19158 | H27: ='GEN ASN'!H31 -> 19158 | I27: ='GA DIPAKE JABATAN ASN'!G32 | J27: ='MASA KERJA ASN'!H31 -> 19158 | K27: ='KEL JABATAN FIX'!X27 -> 19158 | L27: =IF(AND(C27=D27 , C27=E27 , C27=F27 , C27=G27 , C27=H27 , C27=C27 , J27=K27), "Y", "X") -> Y | M27: =J27-K27 -> 0
A28: 6109 | B28: Pemerintah Kab. Sumedang | C28: ='JENIS ASN'!F32 -> 9970 | D28: ='JENKEL ASN'!H33 -> 9970 | E28: ='GOLONGAN ASN'!Q33 -> 9970 | F28: ='PENDIDIKAN ASN'!V33 -> 9970 | G28: ='USIA ASN'!L33 -> 9970 | H28: ='GEN ASN'!H32 -> 9970 | I28: ='GA DIPAKE JABATAN ASN'!G33 | J28: ='MASA KERJA ASN'!H32 -> 9970 | K28: ='KEL JABATAN FIX'!X28 -> 9970 | L28: =IF(AND(C28=D28 , C28=E28 , C28=F28 , C28=G28 , C28=H28 , C28=C28 , J28=K28), "Y", "X") -> Y | M28: =J28-K28 -> 0
A29: 6110 | B29: Pemerintah Kab. Garut | C29: ='JENIS ASN'!F33 -> 20154 | D29: ='JENKEL ASN'!H34 -> 20154 | E29: ='GOLONGAN ASN'!Q34 -> 20154 | F29: ='PENDIDIKAN ASN'!V34 -> 20154 | G29: ='USIA ASN'!L34 -> 20154 | H29: ='GEN ASN'!H33 -> 20154 | I29: ='GA DIPAKE JABATAN ASN'!G34 | J29: ='MASA KERJA ASN'!H33 -> 20154 | K29: ='KEL JABATAN FIX'!X29 -> 20154 | L29: =IF(AND(C29=D29 , C29=E29 , C29=F29 , C29=G29 , C29=H29 , C29=C29 , J29=K29), "Y", "X") -> Y | M29: =J29-K29 -> 0
A30: 6111 | B30: Pemerintah Kab. Tasikmalaya | C30: ='JENIS ASN'!F34 -> 12411 | D30: ='JENKEL ASN'!H35 -> 12411 | E30: ='GOLONGAN ASN'!Q35 -> 12411 | F30: ='PENDIDIKAN ASN'!V35 -> 12411 | G30: ='USIA ASN'!L35 -> 12411 | H30: ='GEN ASN'!H34 -> 12411 | I30: ='GA DIPAKE JABATAN ASN'!G35 | J30: ='MASA KERJA ASN'!H34 -> 12411 | K30: ='KEL JABATAN FIX'!X30 -> 12411 | L30: =IF(AND(C30=D30 , C30=E30 , C30=F30 , C30=G30 , C30=H30 , C30=C30 , J30=K30), "Y", "X") -> Y | M30: =J30-K30 -> 0
A31: 6112 | B31: Pemerintah Kab. Ciamis | C31: ='JENIS ASN'!F35 -> 9872 | D31: ='JENKEL ASN'!H36 -> 9872 | E31: ='GOLONGAN ASN'!Q36 -> 9872 | F31: ='PENDIDIKAN ASN'!V36 -> 9872 | G31: ='USIA ASN'!L36 -> 9872 | H31: ='GEN ASN'!H35 -> 9872 | I31: ='GA DIPAKE JABATAN ASN'!G36 | J31: ='MASA KERJA ASN'!H35 -> 9872 | K31: ='KEL JABATAN FIX'!X31 -> 9872 | L31: =IF(AND(C31=D31 , C31=E31 , C31=F31 , C31=G31 , C31=H31 , C31=C31 , J31=K31), "Y", "X") -> Y | M31: =J31-K31 -> 0
A32: 6113 | B32: Pemerintah Kab. Cirebon | C32: ='JENIS ASN'!F36 -> 18473 | D32: ='JENKEL ASN'!H37 -> 18473 | E32: ='GOLONGAN ASN'!Q37 -> 18473 | F32: ='PENDIDIKAN ASN'!V37 -> 18473 | G32: ='USIA ASN'!L37 -> 18473 | H32: ='GEN ASN'!H36 -> 18473 | I32: ='GA DIPAKE JABATAN ASN'!G37 | J32: ='MASA KERJA ASN'!H36 -> 18473 | K32: ='KEL JABATAN FIX'!X32 -> 18473 | L32: =IF(AND(C32=D32 , C32=E32 , C32=F32 , C32=G32 , C32=H32 , C32=C32 , J32=K32), "Y", "X") -> Y | M32: =J32-K32 -> 0
A33: 6114 | B33: Pemerintah Kab. Kuningan | C33: ='JENIS ASN'!F37 -> 11351 | D33: ='JENKEL ASN'!H38 -> 11351 | E33: ='GOLONGAN ASN'!Q38 -> 11351 | F33: ='PENDIDIKAN ASN'!V38 -> 11351 | G33: ='USIA ASN'!L38 -> 11351 | H33: ='GEN ASN'!H37 -> 11351 | I33: ='GA DIPAKE JABATAN ASN'!G38 | J33: ='MASA KERJA ASN'!H37 -> 11351 | K33: ='KEL JABATAN FIX'!X33 -> 11351 | L33: =IF(AND(C33=D33 , C33=E33 , C33=F33 , C33=G33 , C33=H33 , C33=C33 , J33=K33), "Y", "X") -> Y | M33: =J33-K33 -> 0
A34: 6115 | B34: Pemerintah Kab. Indramayu | C34: ='JENIS ASN'!F38 -> 11740 | D34: ='JENKEL ASN'!H39 -> 11740 | E34: ='GOLONGAN ASN'!Q39 -> 11740 | F34: ='PENDIDIKAN ASN'!V39 -> 11740 | G34: ='USIA ASN'!L39 -> 11740 | H34: ='GEN ASN'!H38 -> 11740 | I34: ='GA DIPAKE JABATAN ASN'!G39 | J34: ='MASA KERJA ASN'!H38 -> 11740 | K34: ='KEL JABATAN FIX'!X34 -> 11740 | L34: =IF(AND(C34=D34 , C34=E34 , C34=F34 , C34=G34 , C34=H34 , C34=C34 , J34=K34), "Y", "X") -> Y | M34: =J34-K34 -> 0
A35: 6116 | B35: Pemerintah Kab. Majalengka | C35: ='JENIS ASN'!F39 -> 12088 | D35: ='JENKEL ASN'!H40 -> 12088 | E35: ='GOLONGAN ASN'!Q40 -> 12088 | F35: ='PENDIDIKAN ASN'!V40 -> 12088 | G35: ='USIA ASN'!L40 -> 12088 | H35: ='GEN ASN'!H39 -> 12088 | I35: ='GA DIPAKE JABATAN ASN'!G40 | J35: ='MASA KERJA ASN'!H39 -> 12088 | K35: ='KEL JABATAN FIX'!X35 -> 12088 | L35: =IF(AND(C35=D35 , C35=E35 , C35=F35 , C35=G35 , C35=H35 , C35=C35 , J35=K35), "Y", "X") -> Y | M35: =J35-K35 -> 0
A36: 6117 | B36: Pemerintah Kab. Bandung Barat | C36: ='JENIS ASN'!F40 -> 8473 | D36: ='JENKEL ASN'!H41 -> 8473 | E36: ='GOLONGAN ASN'!Q41 -> 8473 | F36: ='PENDIDIKAN ASN'!V41 -> 8473 | G36: ='USIA ASN'!L41 -> 8473 | H36: ='GEN ASN'!H40 -> 8473 | I36: ='GA DIPAKE JABATAN ASN'!G41 | J36: ='MASA KERJA ASN'!H40 -> 8473 | K36: ='KEL JABATAN FIX'!X36 -> 8473 | L36: =IF(AND(C36=D36 , C36=E36 , C36=F36 , C36=G36 , C36=H36 , C36=C36 , J36=K36), "Y", "X") -> Y | M36: =J36-K36 -> 0
A37: 6118 | B37: Pemerintah Kab. Pangandaran | C37: ='JENIS ASN'!F41 -> 4676 | D37: ='JENKEL ASN'!H42 -> 4676 | E37: ='GOLONGAN ASN'!Q42 -> 4676 | F37: ='PENDIDIKAN ASN'!V42 -> 4676 | G37: ='USIA ASN'!L42 -> 4676 | H37: ='GEN ASN'!H41 -> 4676 | I37: ='GA DIPAKE JABATAN ASN'!G42 | J37: ='MASA KERJA ASN'!H41 -> 4676 | K37: ='KEL JABATAN FIX'!X37 -> 4676 | L37: =IF(AND(C37=D37 , C37=E37 , C37=F37 , C37=G37 , C37=H37 , C37=C37 , J37=K37), "Y", "X") -> Y | M37: =J37-K37 -> 0
... A46: 6179 | B46: Pemerintah Kota Banjar | C46: ='JENIS ASN'!F50 -> 4861 | D46: ='JENKEL ASN'!H51 -> 4861 | E46: ='GOLONGAN ASN'!Q51 -> 4861 | F46: ='PENDIDIKAN ASN'!V51 -> 4861 | G46: ='USIA ASN'!L51 -> 4861 | H46: ='GEN ASN'!H50 -> 4861 | I46: ='GA DIPAKE JABATAN ASN'!G51 | J46: ='MASA KERJA ASN'!H50 -> 4861 | K46: ='KEL JABATAN FIX'!X46 -> 4861 | L46: =IF(AND(C46=D46 , C46=E46 , C46=F46 , C46=G46 , C46=H46 , C46=C46 , J46=K46), "Y", "X") -> Y | M46: =J46-K46 -> 0
A47: JUMLAH SEWILAYAH JAWA BARAT | C47: =sum(C19:C46) -> 378744 | D47: =sum(D19:D46) -> 378744 | E47: =sum(E19:E46) -> 378744 | F47: =sum(F19:F46) -> 378744 | G47: =sum(G19:G46) -> 378744 | H47: =sum(H19:H46) -> 378744 | I47: =sum(I19:I46) -> 0 | J47: =sum(J19:J46) -> 378744 | K47: ='KEL JABATAN FIX'!X47 -> 378744 | M47: =J47-K47 -> 0
A48: 6200 | B48: Pemerintah Provinsi Banten | C48: ='JENIS ASN'!F52 -> 21655 | D48: ='JENKEL ASN'!H53 -> 21655 | E48: ='GOLONGAN ASN'!Q53 -> 21655 | F48: ='PENDIDIKAN ASN'!V53 -> 21655 | G48: ='USIA ASN'!L53 -> 21655 | H48: ='GEN ASN'!H52 -> 21655 | I48: ='GA DIPAKE JABATAN ASN'!G53 | J48: ='MASA KERJA ASN'!H52 -> 21655 | K48: ='KEL JABATAN FIX'!X48 -> 21655 | L48: =IF(AND(C48=D48 , C48=E48 , C48=F48 , C48=G48 , C48=H48 , C48=C48 , J48=K48), "Y", "X") -> Y | M48: =J48-K48 -> 0
A49: 6201 | B49: Pemerintah Kab. Serang | C49: ='JENIS ASN'!F53 -> 10171 | D49: ='JENKEL ASN'!H54 -> 10171 | E49: ='GOLONGAN ASN'!Q54 -> 10171 | F49: ='PENDIDIKAN ASN'!V54 -> 10171 | G49: ='USIA ASN'!L54 -> 10171 | H49: ='GEN ASN'!H53 -> 10171 | I49: ='GA DIPAKE JABATAN ASN'!G54 | J49: ='MASA KERJA ASN'!H53 -> 10171 | K49: ='KEL JABATAN FIX'!X49 -> 10171 | L49: =IF(AND(C49=D49 , C49=E49 , C49=F49 , C49=G49 , C49=H49 , C49=C49 , J49=K49), "Y", "X") -> Y | M49: =J49-K49 -> 0
A50: 6202 | B50: Pemerintah Kab. Pandeglang | C50: ='JENIS ASN'!F54 -> 12635 | D50: ='JENKEL ASN'!H55 -> 12635 | E50: ='GOLONGAN ASN'!Q55 -> 12635 | F50: ='PENDIDIKAN ASN'!V55 -> 12635 | G50: ='USIA ASN'!L55 -> 12635 | H50: ='GEN ASN'!H54 -> 12635 | I50: ='GA DIPAKE JABATAN ASN'!G55 | J50: ='MASA KERJA ASN'!H54 -> 12635 | K50: ='KEL JABATAN FIX'!X50 -> 12635 | L50: =IF(AND(C50=D50 , C50=E50 , C50=F50 , C50=G50 , C50=H50 , C50=C50 , J50=K50), "Y", "X") -> Y | M50: =J50-K50 -> 0
A51: 6203 | B51: Pemerintah Kab. Lebak | C51: ='JENIS ASN'!F55 -> 12384 | D51: ='JENKEL ASN'!H56 -> 12384 | E51: ='GOLONGAN ASN'!Q56 -> 12384 | F51: ='PENDIDIKAN ASN'!V56 -> 12384 | G51: ='USIA ASN'!L56 -> 12384 | H51: ='GEN ASN'!H55 -> 12384 | I51: ='GA DIPAKE JABATAN ASN'!G56 | J51: ='MASA KERJA ASN'!H55 -> 12384 | K51: ='KEL JABATAN FIX'!X51 -> 12384 | L51: =IF(AND(C51=D51 , C51=E51 , C51=F51 , C51=G51 , C51=H51 , C51=C51 , J51=K51), "Y", "X") -> Y | M51: =J51-K51 -> 0
A52: 6204 | B52: Pemerintah Kab. Tangerang | C52: ='JENIS ASN'!F56 -> 15860 | D52: ='JENKEL ASN'!H57 -> 15860 | E52: ='GOLONGAN ASN'!Q57 -> 15860 | F52: ='PENDIDIKAN ASN'!V57 -> 15860 | G52: ='USIA ASN'!L57 -> 15860 | H52: ='GEN ASN'!H56 -> 15860 | I52: ='GA DIPAKE JABATAN ASN'!G57 | J52: ='MASA KERJA ASN'!H56 -> 15860 | K52: ='KEL JABATAN FIX'!X52 -> 15860 | L52: =IF(AND(C52=D52 , C52=E52 , C52=F52 , C52=G52 , C52=H52 , C52=C52 , J52=K52), "Y", "X") -> Y | M52: =J52-K52 -> 0
A53: 6271 | B53: Pemerintah Kota Tangerang | C53: ='JENIS ASN'!F57 -> 13730 | D53: ='JENKEL ASN'!H58 -> 13730 | E53: ='GOLONGAN ASN'!Q58 -> 13730 | F53: ='PENDIDIKAN ASN'!V58 -> 13730 | G53: ='USIA ASN'!L58 -> 13730 | H53: ='GEN ASN'!H57 -> 13730 | I53: ='GA DIPAKE JABATAN ASN'!G58 | J53: ='MASA KERJA ASN'!H57 -> 13730 | K53: ='KEL JABATAN FIX'!X53 -> 13730 | L53: =IF(AND(C53=D53 , C53=E53 , C53=F53 , C53=G53 , C53=H53 , C53=C53 , J53=K53), "Y", "X") -> Y | M53: =J53-K53 -> 0
A54: 6272 | B54: Pemerintah Kota Cilegon | C54: ='JENIS ASN'!F58 -> 5862 | D54: ='JENKEL ASN'!H59 -> 5862 | E54: ='GOLONGAN ASN'!Q59 -> 5862 | F54: ='PENDIDIKAN ASN'!V59 -> 5862 | G54: ='USIA ASN'!L59 -> 5862 | H54: ='GEN ASN'!H58 -> 5862 | I54: ='GA DIPAKE JABATAN ASN'!G59 | J54: ='MASA KERJA ASN'!H58 -> 5862 | K54: ='KEL JABATAN FIX'!X54 -> 5862 | L54: =IF(AND(C54=D54 , C54=E54 , C54=F54 , C54=G54 , C54=H54 , C54=C54 , J54=K54), "Y", "X") -> Y | M54: =J54-K54 -> 0
A55: 6273 | B55: Pemerintah Kota Serang | C55: ='JENIS ASN'!F59 -> 5847 | D55: ='JENKEL ASN'!H60 -> 5847 | E55: ='GOLONGAN ASN'!Q60 -> 5847 | F55: ='PENDIDIKAN ASN'!V60 -> 5847 | G55: ='USIA ASN'!L60 -> 5847 | H55: ='GEN ASN'!H59 -> 5847 | I55: ='GA DIPAKE JABATAN ASN'!G60 | J55: ='MASA KERJA ASN'!H59 -> 5847 | K55: ='KEL JABATAN FIX'!X55 -> 5847 | L55: =IF(AND(C55=D55 , C55=E55 , C55=F55 , C55=G55 , C55=H55 , C55=C55 , J55=K55), "Y", "X") -> Y | M55: =J55-K55 -> 0
A56: 6274 | B56: Pemerintah Kota Tangerang Selatan | C56: ='JENIS ASN'!F60 -> 15406 | D56: ='JENKEL ASN'!H61 -> 15406 | E56: ='GOLONGAN ASN'!Q61 -> 15406 | F56: ='PENDIDIKAN ASN'!V61 -> 15406 | G56: ='USIA ASN'!L61 -> 15406 | H56: ='GEN ASN'!H60 -> 15406 | I56: ='GA DIPAKE JABATAN ASN'!G61 | J56: ='MASA KERJA ASN'!H60 -> 15406 | K56: ='KEL JABATAN FIX'!X56 -> 15406 | L56: =IF(AND(C56=D56 , C56=E56 , C56=F56 , C56=G56 , C56=H56 , C56=C56 , J56=K56), "Y", "X") -> Y | M56: =J56-K56 -> 0
A57: JUMLAH SEWILAYAH BANTEN | C57: ='JENIS ASN'!F61 -> 113550 | D57: ='JENKEL ASN'!H62 -> 113550 | E57: ='GOLONGAN ASN'!Q62 -> 113550 | F57: ='PENDIDIKAN ASN'!V62 -> 113550 | G57: ='USIA ASN'!L62 -> 113550 | H57: ='GEN ASN'!H61 -> 113550 | I57: ='GA DIPAKE JABATAN ASN'!G62 -> 0 | J57: ='MASA KERJA ASN'!H61 -> 113550 | K57: 110921 | M57: =J57-K57 -> 2629
A58: JUMLAH INSTANSI DAERAH | C58: ='JENIS ASN'!F62 -> 492294 | D58: ='JENKEL ASN'!H63 -> 492294 | E58: ='GOLONGAN ASN'!Q63 -> 492294 | F58: ='PENDIDIKAN ASN'!V63 -> 492294 | G58: ='USIA ASN'!L63 -> 492294 | H58: ='GEN ASN'!H62 -> 492294 | I58: ='GA DIPAKE JABATAN ASN'!G63 -> 0 | J58: ='MASA KERJA ASN'!H62 -> 492294 | K58: =SUM(K47+K57) -> 489665
A59: JUMLAH se-WILAYAH KERJA KANTOR REGIONAL | C59: ='JENIS ASN'!F63 -> 537171 | D59: ='JENKEL ASN'!H64 -> 536932 | E59: ='GOLONGAN ASN'!Q64 -> 537171 | F59: ='PENDIDIKAN ASN'!V64 -> 537171 | G59: ='USIA ASN'!L64 -> 537171 | H59: ='GEN ASN'!H63 -> 537171 | I59: ='GA DIPAKE JABATAN ASN'!G64 -> 0 | J59: ='MASA KERJA ASN'!H63 -> 534803

Sheet JENIS ASN
A1: ASN NOVEMBER 2025
A2: berdasarkan Jenis ASN
A3: keadaan data pada tanggal : 3 November 2025
A5: JENIS | B5: KODE | C5: INSTANSI | D5: PNS | E5: PPPK | F5: JUMLAH | G5: % PNS | H5: % PPPK
A6: INSTANSI PUSAT | B6: 3003 | C6: Kementerian Pertahanan | D6: 1663 | E6: 1143 | F6: =sum(D6:E6) -> 2806 | G6: =D6/F6 -> 0.59265859 | H6: =E6/F6 -> 0.40734141
B7: 3005 | C7: Kementerian Keuangan | D7: 3013 | E7: 0 | F7: =sum(D7:E7) -> 3013 | G7: =D7/F7 -> 1 | H7: =E7/F7 -> 0
B8: 3006 | C8: Kementerian Pertanian | D8: 1622 | E8: 0 | F8: =sum(D8:E8) -> 1622 | G8: =D8/F8 -> 1 | H8: =E8/F8 -> 0
B9: 3012 | C9: Kementerian Agama | D9: 25367 | E9: 739 | F9: =sum(D9:E9) -> 26106 | G9: =D9/F9 -> 0.97169233 | H9: =E9/F9 -> 0.028307669
B10: 3023 | C10: Kementerian Hak Asasi Manusia | D10: 32 | E10: 0 | F10: =sum(D10:E10) -> 32 | G10: =D10/F10 -> 1 | H10: =E10/F10 -> 0
B11: 3024 | C11: Kementerian Imigrasi dan Pemasyarakatan | D11: 3657 | E11: 0 | F11: =sum(D11:E11) -> 3657 | G11: =D11/F11 -> 1 | H11: =E11/F11 -> 0
B12: 3038 | C12: Kementerian Hukum | D12: 200 | E12: 0 | F12: =sum(D12:E12) -> 200 | G12: =D12/F12 -> 1 | H12: =E12/F12 -> 0
B13: 4002 | C13: Kejaksaan Agung | D13: 63 | E13: 0 | F13: =sum(D13:E13) -> 63 | G13: =D13/F13 -> 1 | H13: =E13/F13 -> 0
B14: 4007 | C14: Mahkamah Agung RI | D14: 2364 | E14: 4 | F14: =sum(D14:E14) -> 2368 | G14: =D14/F14 -> 0.99831081 | H14: =E14/F14 -> 0.0016891892
B15: 4008 | C15: Badan Pemeriksa Keuangan | D15: 239 | E15: 0 | F15: =sum(D15:E15) -> 239 | G15: =D15/F15 -> 1 | H15: =E15/F15 -> 0
B16: 4016 | C16: Badan Pusat Statistik | D16: 1279 | E16: 7 | F16: =sum(D16:E16) -> 1286 | G16: =D16/F16 -> 0.99455677 | H16: =E16/F16 -> 0.0054432348
B17: 4020 | C17: Kementerian Kependudukan Dan Pembangunan Keluarga/Badan Kependudukan Dan Keluarga Berencana Nasional | D17: 695 | E17: 1051 | F17: =sum(D17:E17) -> 1746 | G17: =D17/F17 -> 0.39805269 | H17: =E17/F17 -> 0.60194731
B18: 4023 | C18: Badan Pengawasan Keuangan dan Pembangunan | D18: 213 | E18: 0 | F18: =sum(D18:E18) -> 213 | G18: =D18/F18 -> 1 | H18: =E18/F18 -> 0
... B21: 4071 | C21: Badan Karantina Indonesia | D21: 395 | E21: 0 | F21: =sum(D21:E21) -> 395 | G21: =D21/F21 -> 1 | H21: =E21/F21 -> 0
A22: JUMLAH INSTANSI PUSAT | D22: =SUM(D6:D21) -> 41933 | E22: =SUM(E6:E21) -> 2944 | F22: =SUM(F6:F21) -> 44877 | G22: =D22/F22 -> 0.93439847 | H22: =E22/F22 -> 0.065601533
A23: INSTANSI DAERAH | B23: 6100 | C23: Pemerintah Provinsi Jawa Barat | D23: 26774 | E23: 25698 | F23: =sum(D23:E23) -> 52472 | G23: =D23/F23 -> 0.51025309 | H23: =E23/F23 -> 0.48974691
B24: 6101 | C24: Pemerintah Kab. Bogor | D24: 11890 | E24: 13972 | F24: =sum(D24:E24) -> 25862 | G24: =D24/F24 -> 0.45974789 | H24: =E24/F24 -> 0.54025211
B25: 6102 | C25: Pemerintah Kab. Sukabumi | D25: 7937 | E25: 5134 | F25: =sum(D25:E25) -> 13071 | G25: =D25/F25 -> 0.60722209 | H25: =E25/F25 -> 0.39277791
B26: 6103 | C26: Pemerintah Kab. Cianjur | D26: 7312 | E26: 8140 | F26: =sum(D26:E26) -> 15452 | G26: =D26/F26 -> 0.47320735 | H26: =E26/F26 -> 0.52679265
B27: 6104 | C27: Pemerintah Kab. Bekasi | D27: 9045 | E27: 13414 | F27: =sum(D27:E27) -> 22459 | G27: =D27/F27 -> 0.40273387 | H27: =E27/F27 -> 0.59726613
B28: 6105 | C28: Pemerintah Kab. Karawang | D28: 7679 | E28: 5741 | F28: =sum(D28:E28) -> 13420 | G28: =D28/F28 -> 0.57220566 | H28: =E28/F28 -> 0.42779434
B29: 6106 | C29: Pemerintah Kab. Purwakarta | D29: 5739 | E29: 2268 | F29: =sum(D29:E29) -> 8007 | G29: =D29/F29 -> 0.71674785 | H29: =E29/F29 -> 0.28325215
B30: 6107 | C30: Pemerintah Kab. Subang | D30: 8129 | E30: 4104 | F30: =sum(D30:E30) -> 12233 | G30: =D30/F30 -> 0.66451402 | H30: =E30/F30 -> 0.33548598
B31: 6108 | C31: Pemerintah Kab. Bandung | D31: 10294 | E31: 8864 | F31: =sum(D31:E31) -> 19158 | G31: =D31/F31 -> 0.53732122 | H31: =E31/F31 -> 0.46267878
B32: 6109 | C32: Pemerintah Kab. Sumedang | D32: 6533 | E32: 3437 | F32: =sum(D32:E32) -> 9970 | G32: =D32/F32 -> 0.6552658 | H32: =E32/F32 -> 0.3447342
B33: 6110 | C33: Pemerintah Kab. Garut | D33: 10175 | E33: 9979 | F33: =sum(D33:E33) -> 20154 | G33: =D33/F33 -> 0.50486256 | H33: =E33/F33 -> 0.49513744
B34: 6111 | C34: Pemerintah Kab. Tasikmalaya | D34: 7567 | E34: 4844 | F34: =sum(D34:E34) -> 12411 | G34: =D34/F34 -> 0.60970107 | H34: =E34/F34 -> 0.39029893
B35: 6112 | C35: Pemerintah Kab. Ciamis | D35: 5850 | E35: 4022 | F35: =sum(D35:E35) -> 9872 | G35: =D35/F35 -> 0.59258509 | H35: =E35/F35 -> 0.40741491
... B50: 6179 | C50: Pemerintah Kota Banjar | D50: 2611 | E50: 2250 | F50: =sum(D50:E50) -> 4861 | G50: =D50/F50 -> 0.53713228 | H50: =E50/F50 -> 0.46286772
B51: JUMLAH SEWILAYAH JAWA BARAT | D51: =SUM(D23:D50) -> 210911 | E51: =SUM(E23:E50) -> 167833 | F51: =sum(D51:E51) -> 378744 | G51: =D51/F51 -> 0.55686955 | H51: =E51/F51 -> 0.44313045
B52: 6200 | C52: Pemerintah Provinsi Banten | D52: 8280 | E52: 13375 | F52: =sum(D52:E52) -> 21655 | G52: =D52/F52 -> 0.38235973 | H52: =E52/F52 -> 0.61764027
B53: 6201 | C53: Pemerintah Kab. Serang | D53: 7538 | E53: 2633 | F53: =sum(D53:E53) -> 10171 | G53: =D53/F53 -> 0.74112673 | H53: =E53/F53 -> 0.25887327
B54: 6202 | C54: Pemerintah Kab. Pandeglang | D54: 7395 | E54: 5240 | F54: =sum(D54:E54) -> 12635 | G54: =D54/F54 -> 0.58527899 | H54: =E54/F54 -> 0.41472101
B55: 6203 | C55: Pemerintah Kab. Lebak | D55: 7161 | E55: 5223 | F55: =sum(D55:E55) -> 12384 | G55: =D55/F55 -> 0.57824612 | H55: =E55/F55 -> 0.42175388
B56: 6204 | C56: Pemerintah Kab. Tangerang | D56: 9345 | E56: 6515 | F56: =sum(D56:E56) -> 15860 | G56: =D56/F56 -> 0.58921816 | H56: =E56/F56 -> 0.41078184
B57: 6271 | C57: Pemerintah Kota Tangerang | D57: 6135 | E57: 7595 | F57: =sum(D57:E57) -> 13730 | G57: =D57/F57 -> 0.44683176 | H57: =E57/F57 -> 0.55316824
B58: 6272 | C58: Pemerintah Kota Cilegon | D58: 4244 | E58: 1618 | F58: =sum(D58:E58) -> 5862 | G58: =D58/F58 -> 0.72398499 | H58: =E58/F58 -> 0.27601501
B59: 6273 | C59: Pemerintah Kota Serang | D59: 3891 | E59: 1956 | F59: =sum(D59:E59) -> 5847 | G59: =D59/F59 -> 0.66546947 | H59: =E59/F59 -> 0.33453053
B60: 6274 | C60: Pemerintah Kota Tangerang Selatan | D60: 4109 | E60: 11297 | F60: =sum(D60:E60) -> 15406 | G60: =D60/F60 -> 0.26671427 | H60: =E60/F60 -> 0.73328573
B61: JUMLAH SEWILAYAH BANTEN | D61: =SUM(D52:D60) -> 58098 | E61: =SUM(E52:E60) -> 55452 | F61: =SUM(F52:F60) -> 113550 | G61: =D61/F61 -> 0.51165125 | H61: =E61/F61 -> 0.48834874
A62: JUMLAH INSTANSI DAERAH | D62: =D51+D61 -> 269009 | E62: =E51+E61 -> 223285 | F62: =F51+F61 -> 492294 | G62: =D62/F62 -> 0.54643973 | H62: =E62/F62 -> 0.45356027
A63: JUMLAH se-WILAYAH KERJA KANTOR REGIONAL | D63: =D22+D62 -> 310942 | E63: =E22+E62 -> 226229 | F63: =SUM(D63:E63) -> 537171 | G63: =D63/F63 -> 0.57885105 | H63: =E63/F63 -> 0.42114895

Sheet GOLONGAN ASN
A1: ASN OKTOBER 2025
A2: berdasarkan Golongan ASN
A3: keadaan data pada tanggal : 2 November 2025
A5: JENIS | B5: KODE | C5: INSTANSI | D5: PNS | H5: PPPK | Q5: JUMLAH | R5: PPPK
D6: GOLONGAN I | E6: GOLONGAN II | F6: GOLONGAN III | G6: GOLONGAN IV | H6: GOLONGAN I | I6: GOLONGAN III | J6: GOLONGAN V | K6: GOLONGAN VI | L6: GOLONGAN VII | M6: GOLONGAN IX | N6: GOLONGAN X | O6: GOLONGAN XI | P6: GOLONGAN XIII | R6: PPPK GOL I,III | S6: PPPK GOL V,VI, VII | T6: PPPK GOL IX,X,XI,XIII | U6: Jumlah
A7: INSTANSI PUSAT | B7: 3003 | C7: Kementerian Pertahanan | D7: 1 | E7: 722 | F7: 909 | G7: 31 | H7: 0 | I7: 0 | J7: 0 | K7: 0 | L7: 1032 | M7: 17 | N7: 94 | O7: 0 | P7: 0 | Q7: =SUM(D7:P7) -> 2806 | R7: =sum(H7:I7) -> 0 | S7: =sum(J7:L7) -> 1032 | T7: =sum(M7:P7) -> 111 | U7: =sum(D7:G7,R7:T7) -> 2806
B8: 3005 | C8: Kementerian Keuangan | D8: 1 | E8: 1083 | F8: 1687 | G8: 242 | H8: 0 | I8: 0 | J8: 0 | K8: 0 | L8: 0 | M8: 0 | N8: 0 | O8: 0 | P8: 0 | Q8: =SUM(D8:P8) -> 3013 | R8: =sum(H8:I8) -> 0 | S8: =sum(J8:L8) -> 0 | T8: =sum(M8:P8) -> 0 | U8: =sum(D8:G8,R8:T8) -> 3013
B9: 3006 | C9: Kementerian Pertanian | D9: 8 | E9: 355 | F9: 1024 | G9: 235 | H9: 0 | I9: 0 | J9: 0 | K9: 0 | L9: 0 | M9: 0 | N9: 0 | O9: 0 | P9: 0 | Q9: =SUM(D9:P9) -> 1622 | R9: =sum(H9:I9) -> 0 | S9: =sum(J9:L9) -> 0 | T9: =sum(M9:P9) -> 0 | U9: =sum(D9:G9,R9:T9) -> 1622
B10: 3012 | C10: Kementerian Agama | D10: 28 | E10: 562 | F10: 15529 | G10: 9248 | H10: 0 | I10: 0 | J10: 0 | K10: 0 | L10: 0 | M10: 718 | N10: 21 | O10: 0 | P10: 0 | Q10: =SUM(D10:P10) -> 26106 | R10: =sum(H10:I10) -> 0 | S10: =sum(J10:L10) -> 0 | T10: =sum(M10:P10) -> 739 | U10: =sum(D10:G10,R10:T10) -> 26106
B11: 3023 | C11: Kementerian Hak Asasi Manusia | D11: 0 | E11: 5 | F11: 23 | G11: 4 | H11: 0 | I11: 0 | J11: 0 | K11: 0 | L11: 0 | M11: 0 | N11: 0 | O11: 0 | P11: 0 | Q11: =SUM(D11:P11) -> 32 | R11: =sum(H11:I11) -> 0 | S11: =sum(J11:L11) -> 0 | T11: =sum(M11:P11) -> 0 | U11: =sum(D11:G11,R11:T11) -> 32
B12: 3024 | C12: Kementerian Imigrasi dan Pemasyarakatan | D12: 0 | E12: 1543 | F12: 1931 | G12: 183 | H12: 0 | I12: 0 | J12: 0 | K12: 0 | L12: 0 | M12: 0 | N12: 0 | O12: 0 | P12: 0 | Q12: =SUM(D12:P12) -> 3657 | R12: =sum(H12:I12) -> 0 | S12: =sum(J12:L12) -> 0 | T12: =sum(M12:P12) -> 0 | U12: =sum(D12:G12,R12:T12) -> 3657
B13: 3038 | C13: Kementerian Hukum | D13: 0 | E13: 11 | F13: 148 | G13: 41 | H13: 0 | I13: 0 | J13: 0 | K13: 0 | L13: 0 | M13: 0 | N13: 0 | O13: 0 | P13: 0 | Q13: =SUM(D13:P13) -> 200 | R13: =sum(H13:I13) -> 0 | S13: =sum(J13:L13) -> 0 | T13: =sum(M13:P13) -> 0 | U13: =sum(D13:G13,R13:T13) -> 200
B14: 4002 | C14: Kejaksaan Agung | D14: 0 | E14: 4 | F14: 37 | G14: 22 | H14: 0 | I14: 0 | J14: 0 | K14: 0 | L14: 0 | M14: 0 | N14: 0 | O14: 0 | P14: 0 | Q14: =SUM(D14:P14) -> 63 | R14: =sum(H14:I14) -> 0 | S14: =sum(J14:L14) -> 0 | T14: =sum(M14:P14) -> 0 | U14: =sum(D14:G14,R14:T14) -> 63
B15: 4007 | C15: Mahkamah Agung RI | D15: 0 | E15: 230 | F15: 1458 | G15: 676 | H15: 0 | I15: 0 | J15: 0 | K15: 0 | L15: 0 | M15: 4 | N15: 0 | O15: 0 | P15: 0 | Q15: =SUM(D15:P15) -> 2368 | R15: =sum(H15:I15) -> 0 | S15: =sum(J15:L15) -> 0 | T15: =sum(M15:P15) -> 4 | U15: =sum(D15:G15,R15:T15) -> 2368
B16: 4008 | C16: Badan Pemeriksa Keuangan | D16: 0 | E16: 8 | F16: 186 | G16: 45 | H16: 0 | I16: 0 | J16: 0 | K16: 0 | L16: 0 | M16: 0 | N16: 0 | O16: 0 | P16: 0 | Q16: =SUM(D16:P16) -> 239 | R16: =sum(H16:I16) -> 0 | S16: =sum(J16:L16) -> 0 | T16: =sum(M16:P16) -> 0 | U16: =sum(D16:G16,R16:T16) -> 239
B17: 4016 | C17: Badan Pusat Statistik | D17: 0 | E17: 132 | F17: 999 | G17: 148 | H17: 0 | I17: 0 | J17: 1 | K17: 0 | L17: 4 | M17: 2 | N17: 0 | O17: 0 | P17: 0 | Q17: =SUM(D17:P17) -> 1286 | R17: =sum(H17:I17) -> 0 | S17: =sum(J17:L17) -> 5 | T17: =sum(M17:P17) -> 2 | U17: =sum(D17:G17,R17:T17) -> 1286
B18: 4020 | C18: Kementerian Kependudukan Dan Pembangunan Keluarga/Badan Kependudukan Dan Keluarga Berencana Nasional | D18: 0 | E18: 98 | F18: 447 | G18: 150 | H18: 1 | I18: 4 | J18: 45 | K18: 0 | L18: 282 | M18: 719 | N18: 0 | O18: 0 | P18: 0 | Q18: =SUM(D18:P18) -> 1746 | R18: =sum(H18:I18) -> 5 | S18: =sum(J18:L18) -> 327 | T18: =sum(M18:P18) -> 719 | U18: =sum(D18:G18,R18:T18) -> 1746
B19: 4023 | C19: Badan Pengawasan Keuangan dan Pembangunan | D19: 0 | E19: 15 | F19: 156 | G19: 42 | H19: 0 | I19: 0 | J19: 0 | K19: 0 | L19: 0 | M19: 0 | N19: 0 | O19: 0 | P19: 0 | Q19: =SUM(D19:P19) -> 213 | R19: =sum(H19:I19) -> 0 | S19: =sum(J19:L19) -> 0 | T19: =sum(M19:P19) -> 0 | U19: =sum(D19:G19,R19:T19) -> 213
... B22: 4071 | C22: Badan Karantina Indonesia | D22: 0 | E22: 80 | F22: 254 | G22: 61 | H22: 0 | I22: 0 | J22: 0 | K22: 0 | L22: 0 | M22: 0 | N22: 0 | O22: 0 | P22: 0 | Q22: =SUM(D22:P22) -> 395 | R22: =sum(H22:I22) -> 0 | S22: =sum(J22:L22) -> 0 | T22: =sum(M22:P22) -> 0 | U22: =sum(D22:G22,R22:T22) -> 395
A23: JUMLAH INSTANSI PUSAT | D23: =SUM(D7:D22) -> 53 | E23: =SUM(E7:E22) -> 5446 | F23: =SUM(F7:F22) -> 25218 | G23: =SUM(G7:G22) -> 11216 | H23: =SUM(H7:H22) -> 1 | I23: =SUM(I7:I22) -> 4 | J23: =SUM(J7:J22) -> 46 | K23: =SUM(K7:K22) -> 0 | ... Q23: =SUM(Q7:Q22) -> 44877 | R23: =sum(H23:I23) -> 5 | S23: =sum(J23:L23) -> 1364 | T23: =sum(M23:P23) -> 1575 | U23: =sum(D23:G23,R23:T23) -> 44877
B24: 6100 | C24: Pemerintah Provinsi Jawa Barat | D24: 69 | E24: 2319 | F24: 15838 | G24: 8548 | H24: 5 | I24: 0 | J24: 897 | K24: 0 | L24: 1705 | M24: 22628 | N24: 443 | O24: 19 | P24: 1 | Q24: =SUM(D24:P24) -> 52472 | R24: =sum(H24:I24) -> 5 | S24: =sum(J24:L24) -> 2602 | T24: =sum(M24:P24) -> 23091 | U24: =sum(D24:G24,R24:T24) -> 52472
B25: 6101 | C25: Pemerintah Kab. Bogor | D25: 25 | E25: 1501 | F25: 7564 | G25: 2800 | H25: 30 | I25: 2 | J25: 751 | K25: 0 | L25: 1478 | M25: 11408 | N25: 259 | O25: 44 | P25: 0 | Q25: =SUM(D25:P25) -> 25862 | R25: =sum(H25:I25) -> 32 | S25: =sum(J25:L25) -> 2229 | T25: =sum(M25:P25) -> 11711 | U25: =sum(D25:G25,R25:T25) -> 25862
B26: 6102 | C26: Pemerintah Kab. Sukabumi | D26: 32 | E26: 937 | F26: 4539 | G26: 2429 | H26: 0 | I26: 1 | J26: 119 | K26: 0 | L26: 484 | M26: 4373 | N26: 157 | O26: 0 | P26: 0 | Q26: =SUM(D26:P26) -> 13071 | R26: =sum(H26:I26) -> 1 | S26: =sum(J26:L26) -> 603 | T26: =sum(M26:P26) -> 4530 | U26: =sum(D26:G26,R26:T26) -> 13071
B27: 6103 | C27: Pemerintah Kab. Cianjur | D27: 4 | E27: 469 | F27: 4640 | G27: 2199 | H27: 0 | I27: 0 | J27: 273 | K27: 0 | L27: 707 | M27: 6993 | N27: 150 | O27: 17 | P27: 0 | Q27: =SUM(D27:P27) -> 15452 | R27: =sum(H27:I27) -> 0 | S27: =sum(J27:L27) -> 980 | T27: =sum(M27:P27) -> 7160 | U27: =sum(D27:G27,R27:T27) -> 15452
B28: 6104 | C28: Pemerintah Kab. Bekasi | D28: 17 | E28: 730 | F28: 6282 | G28: 2016 | H28: 455 | I28: 447 | J28: 3142 | K28: 0 | L28: 854 | M28: 8414 | N28: 102 | O28: 0 | P28: 0 | Q28: =SUM(D28:P28) -> 22459 | R28: =sum(H28:I28) -> 902 | S28: =sum(J28:L28) -> 3996 | T28: =sum(M28:P28) -> 8516 | U28: =sum(D28:G28,R28:T28) -> 22459
B29: 6105 | C29: Pemerintah Kab. Karawang | D29: 10 | E29: 738 | F29: 4925 | G29: 2006 | H29: 8 | I29: 17 | J29: 172 | K29: 0 | L29: 972 | M29: 4395 | N29: 170 | O29: 7 | P29: 0 | Q29: =SUM(D29:P29) -> 13420 | R29: =sum(H29:I29) -> 25 | S29: =sum(J29:L29) -> 1144 | T29: =sum(M29:P29) -> 4572 | U29: =sum(D29:G29,R29:T29) -> 13420
B30: 6106 | C30: Pemerintah Kab. Purwakarta | D30: 10 | E30: 717 | F30: 3746 | G30: 1266 | H30: 11 | I30: 0 | J30: 105 | K30: 1 | L30: 400 | M30: 1686 | N30: 64 | O30: 1 | P30: 0 | Q30: =SUM(D30:P30) -> 8007 | R30: =sum(H30:I30) -> 11 | S30: =sum(J30:L30) -> 506 | T30: =sum(M30:P30) -> 1751 | U30: =sum(D30:G30,R30:T30) -> 8007
B31: 6107 | C31: Pemerintah Kab. Subang | D31: 15 | E31: 676 | F31: 5069 | G31: 2369 | H31: 3 | I31: 3 | J31: 126 | K31: 0 | L31: 329 | M31: 3590 | N31: 53 | O31: 0 | P31: 0 | Q31: =SUM(D31:P31) -> 12233 | R31: =sum(H31:I31) -> 6 | S31: =sum(J31:L31) -> 455 | T31: =sum(M31:P31) -> 3643 | U31: =sum(D31:G31,R31:T31) -> 12233
B32: 6108 | C32: Pemerintah Kab. Bandung | D32: 31 | E32: 1385 | F32: 5972 | G32: 2906 | H32: 23 | I32: 0 | J32: 139 | K32: 4 | L32: 628 | M32: 7911 | N32: 153 | O32: 6 | P32: 0 | Q32: =SUM(D32:P32) -> 19158 | R32: =sum(H32:I32) -> 23 | S32: =sum(J32:L32) -> 771 | T32: =sum(M32:P32) -> 8070 | U32: =sum(D32:G32,R32:T32) -> 19158
B33: 6109 | C33: Pemerintah Kab. Sumedang | D33: 4 | E33: 485 | F33: 3743 | G33: 2301 | H33: 2 | I33: 0 | J33: 53 | K33: 0 | L33: 386 | M33: 2935 | N33: 57 | O33: 4 | P33: 0 | Q33: =SUM(D33:P33) -> 9970 | R33: =sum(H33:I33) -> 2 | S33: =sum(J33:L33) -> 439 | T33: =sum(M33:P33) -> 2996 | U33: =sum(D33:G33,R33:T33) -> 9970
B34: 6110 | C34: Pemerintah Kab. Garut | D34: 17 | E34: 874 | F34: 5688 | G34: 3596 | H34: 43 | I34: 28 | J34: 615 | K34: 1 | L34: 2032 | M34: 7054 | N34: 206 | O34: 0 | P34: 0 | Q34: =SUM(D34:P34) -> 20154 | R34: =sum(H34:I34) -> 71 | S34: =sum(J34:L34) -> 2648 | T34: =sum(M34:P34) -> 7260 | U34: =sum(D34:G34,R34:T34) -> 20154
B35: 6111 | C35: Pemerintah Kab. Tasikmalaya | D35: 1 | E35: 411 | F35: 4714 | G35: 2441 | H35: 4 | I35: 3 | J35: 112 | K35: 0 | L35: 861 | M35: 3678 | N35: 186 | O35: 0 | P35: 0 | Q35: =SUM(D35:P35) -> 12411 | R35: =sum(H35:I35) -> 7 | S35: =sum(J35:L35) -> 973 | T35: =sum(M35:P35) -> 3864 | U35: =sum(D35:G35,R35:T35) -> 12411
... B51: 6179 | C51: Pemerintah Kota Banjar | D51: 0 | E51: 305 | F51: 1876 | G51: 430 | H51: 314 | I51: 0 | J51: 754 | K51: 0 | L51: 265 | M51: 786 | N51: 131 | O51: 0 | P51: 0 | Q51: =SUM(D51:P51) -> 4861 | R51: =sum(H51:I51) -> 314 | S51: =sum(J51:L51) -> 1019 | T51: =sum(M51:P51) -> 917 | U51: =sum(D51:G51,R51:T51) -> 4861
B52: JUMLAH SEWILAYAH JAWA BARAT | D52: =SUM(D24:D51) -> 403 | E52: =SUM(E24:E51) -> 21147 | F52: =SUM(F24:F51) -> 130552 | G52: =SUM(G24:G51) -> 58809 | H52: =SUM(H24:H51) -> 1492 | I52: =SUM(I24:I51) -> 959 | J52: =SUM(J24:J51) -> 14856 | K52: =SUM(K24:K51) -> 87 | ... Q52: =SUM(Q24:Q51) -> 378744 | R52: =sum(H52:I52) -> 2451 | S52: =sum(J52:L52) -> 32144 | T52: =sum(M52:P52) -> 133238 | U52: =sum(D52:G52,R52:T52) -> 378744
B53: 6200 | C53: Pemerintah Provinsi Banten | D53: 11 | E53: 439 | F53: 4684 | G53: 3146 | H53: 83 | I53: 8 | J53: 2864 | K53: 0 | L53: 470 | M53: 9834 | N53: 115 | O53: 1 | P53: 0 | Q53: =SUM(D53:P53) -> 21655 | R53: =sum(H53:I53) -> 91 | S53: =sum(J53:L53) -> 3334 | T53: =sum(M53:P53) -> 9950 | U53: =sum(D53:G53,R53:T53) -> 21655
B54: 6201 | C54: Pemerintah Kab. Serang | D54: 38 | E54: 619 | F54: 5078 | G54: 1803 | H54: 21 | I54: 0 | J54: 66 | K54: 0 | L54: 276 | M54: 2212 | N54: 57 | O54: 1 | P54: 0 | Q54: =SUM(D54:P54) -> 10171 | R54: =sum(H54:I54) -> 21 | S54: =sum(J54:L54) -> 342 | T54: =sum(M54:P54) -> 2270 | U54: =sum(D54:G54,R54:T54) -> 10171
B55: 6202 | C55: Pemerintah Kab. Pandeglang | D55: 7 | E55: 607 | F55: 4974 | G55: 1807 | H55: 12 | I55: 6 | J55: 213 | K55: 0 | L55: 347 | M55: 4571 | N55: 91 | O55: 0 | P55: 0 | Q55: =SUM(D55:P55) -> 12635 | R55: =sum(H55:I55) -> 18 | S55: =sum(J55:L55) -> 560 | T55: =sum(M55:P55) -> 4662 | U55: =sum(D55:G55,R55:T55) -> 12635
B56: 6203 | C56: Pemerintah Kab. Lebak | D56: 60 | E56: 685 | F56: 4805 | G56: 1611 | H56: 4 | I56: 13 | J56: 279 | K56: 0 | L56: 888 | M56: 3880 | N56: 157 | O56: 2 | P56: 0 | Q56: =SUM(D56:P56) -> 12384 | R56: =sum(H56:I56) -> 17 | S56: =sum(J56:L56) -> 1167 | T56: =sum(M56:P56) -> 4039 | U56: =sum(D56:G56,R56:T56) -> 12384
B57: 6204 | C57: Pemerintah Kab. Tangerang | D57: 7 | E57: 1346 | F57: 6154 | G57: 1838 | H57: 6 | I57: 3 | J57: 619 | K57: 0 | L57: 426 | M57: 5329 | N57: 122 | O57: 10 | P57: 0 | Q57: =SUM(D57:P57) -> 15860 | R57: =sum(H57:I57) -> 9 | S57: =sum(J57:L57) -> 1045 | T57: =sum(M57:P57) -> 5461 | U57: =sum(D57:G57,R57:T57) -> 15860
B58: 6271 | C58: Pemerintah Kota Tangerang | D58: 19 | E58: 499 | F58: 4261 | G58: 1356 | H58: 107 | I58: 0 | J58: 1479 | K58: 2 | L58: 673 | M58: 4967 | N58: 345 | O58: 22 | P58: 0 | Q58: =SUM(D58:P58) -> 13730 | R58: =sum(H58:I58) -> 107 | S58: =sum(J58:L58) -> 2154 | T58: =sum(M58:P58) -> 5334 | U58: =sum(D58:G58,R58:T58) -> 13730
B59: 6272 | C59: Pemerintah Kota Cilegon | D59: 5 | E59: 308 | F59: 2969 | G59: 962 | H59: 16 | I59: 0 | J59: 164 | K59: 0 | L59: 237 | M59: 1149 | N59: 51 | O59: 1 | P59: 0 | Q59: =SUM(D59:P59) -> 5862 | R59: =sum(H59:I59) -> 16 | S59: =sum(J59:L59) -> 401 | T59: =sum(M59:P59) -> 1201 | U59: =sum(D59:G59,R59:T59) -> 5862
B60: 6273 | C60: Pemerintah Kota Serang | D60: 2 | E60: 317 | F60: 2369 | G60: 1203 | H60: 30 | I60: 0 | J60: 96 | K60: 0 | L60: 36 | M60: 1775 | N60: 18 | O60: 1 | P60: 0 | Q60: =SUM(D60:P60) -> 5847 | R60: =sum(H60:I60) -> 30 | S60: =sum(J60:L60) -> 132 | T60: =sum(M60:P60) -> 1794 | U60: =sum(D60:G60,R60:T60) -> 5847
B61: 6274 | C61: Pemerintah Kota Tangerang Selatan | D61: 0 | E61: 378 | F61: 2771 | G61: 960 | H61: 260 | I61: 333 | J61: 3452 | K61: 3 | L61: 1285 | M61: 5556 | N61: 386 | O61: 22 | P61: 0 | Q61: =SUM(D61:P61) -> 15406 | R61: =sum(H61:I61) -> 593 | S61: =sum(J61:L61) -> 4740 | T61: =sum(M61:P61) -> 5964 | U61: =sum(D61:G61,R61:T61) -> 15406
B62: JUMLAH SEWILAYAH BANTEN | D62: =SUM(D53:D61) -> 149 | E62: =SUM(E53:E61) -> 5198 | F62: =SUM(F53:F61) -> 38065 | G62: =SUM(G53:G61) -> 14686 | H62: =SUM(H53:H61) -> 539 | I62: =SUM(I53:I61) -> 363 | J62: =SUM(J53:J61) -> 9232 | K62: =SUM(K53:K61) -> 5 | ... Q62: =SUM(Q53:Q61) -> 113550 | R62: =sum(H62:I62) -> 902 | S62: =sum(J62:L62) -> 13875 | T62: =sum(M62:P62) -> 40675 | U62: =sum(D62:G62,R62:T62) -> 113550
A63: JUMLAH INSTANSI DAERAH | D63: =D52+D62 -> 552 | E63: =E52+E62 -> 26345 | F63: =F52+F62 -> 168617 | G63: =G52+G62 -> 73495 | H63: =H52+H62 -> 2031 | I63: =I52+I62 -> 1322 | J63: =J52+J62 -> 24088 | K63: =K52+K62 -> 92 | ... Q63: =Q52+Q62 -> 492294 | R63: =sum(H63:I63) -> 3353 | S63: =sum(J63:L63) -> 46019 | T63: =sum(M63:P63) -> 173913 | U63: =sum(D63:G63,R63:T63) -> 492294
A64: JUMLAH se-WILAYAH KERJA KANTOR REGIONAL | D64: =SUM(D63,D23) -> 605 | E64: =SUM(E63,E23) -> 31791 | F64: =SUM(F63,F23) -> 193835 | G64: =SUM(G63,G23) -> 84711 | H64: =SUM(H63,H23) -> 2032 | I64: =SUM(I63,I23) -> 1326 | J64: =SUM(J63,J23) -> 24134 | K64: =SUM(K63,K23) -> 92 | ... Q64: =SUM(Q63,Q23) -> 537171 | R64: =sum(H64:I64) -> 3358 | S64: =sum(J64:L64) -> 47383 | T64: =sum(M64:P64) -> 175488 | U64: =sum(D64:G64,R64:T64) -> 537171

Sheet JENKEL ASN
A1: ASN OKTOBER 2025
A2: berdasarkan Jenis Kelamin ASN
A3: keadaan data pada tanggal : 2 November 2025
A5: JENIS | B5: KODE | C5: INSTANSI | D5: PNS | F5: PPPK | H5: JUMLAH | I5: ASN
D6: PRIA | E6: WANITA | F6: PRIA | G6: WANITA | I6: PRIA | J6: WANITA | K6: %PRIA | L6: %WANITA | M6: JUMLAH
A7: INSTANSI PUSAT | B7: 3003 | C7: Kementerian Pertahanan | D7: 936 | E7: 727 | F7: 185 | G7: 958 | H7: =SUM(D7:G7) -> 2806 | I7: =D7+F7 -> 1121 | J7: =E7+G7 -> 1685 | K7: =I7/H7 -> 0.39950107 | L7: =J7/H7 -> 0.60049893 | M7: =SUM(I7:J7) -> 2806
B8: 3005 | C8: Kementerian Keuangan | D8: 2006 | E8: 1007 | F8: 0 | G8: 0 | H8: =SUM(D8:G8) -> 3013 | I8: =D8+F8 -> 2006 | J8: =E8+G8 -> 1007 | K8: =I8/H8 -> 0.66578161 | L8: =J8/H8 -> 0.33421839 | M8: =SUM(I8:J8) -> 3013
B9: 3006 | C9: Kementerian Pertanian | D9: 928 | E9: 694 | F9: 0 | G9: 0 | H9: =SUM(D9:G9) -> 1622 | I9: =D9+F9 -> 928 | J9: =E9+G9 -> 694 | K9: =I9/H9 -> 0.57213317 | L9: =J9/H9 -> 0.42786683 | M9: =SUM(I9:J9) -> 1622
B10: 3012 | C10: Kementerian Agama | D10: 13213 | E10: 12154 | F10: 383 | G10: 356 | H10: =SUM(D10:G10) -> 26106 | I10: =D10+F10 -> 13596 | J10: =E10+G10 -> 12510 | K10: =I10/H10 -> 0.52079982 | L10: =J10/H10 -> 0.47920018 | M10: =SUM(I10:J10) -> 26106
B11: 3023 | C11: Kementerian Hak Asasi Manusia | D11: 22 | E11: 10 | F11: 0 | G11: 0 | H11: =SUM(D11:G11) -> 32 | I11: =D11+F11 -> 22 | J11: =E11+G11 -> 10 | K11: =I11/H11 -> 0.6875 | L11: =J11/H11 -> 0.3125 | M11: =SUM(I11:J11) -> 32
B12: 3024 | C12: Kementerian Imigrasi dan Pemasyarakatan | D12: 2736 | E12: 921 | F12: 0 | G12: 0 | H12: =SUM(D12:G12) -> 3657 | I12: =D12+F12 -> 2736 | J12: =E12+G12 -> 921 | K12: =I12/H12 -> 0.74815422 | L12: =J12/H12 -> 0.25184578 | M12: =SUM(I12:J12) -> 3657
B13: 3038 | C13: Kementerian Hukum | D13: 98 | E13: 102 | F13: 0 | G13: 0 | H13: =SUM(D13:G13) -> 200 | I13: =D13+F13 -> 98 | J13: =E13+G13 -> 102 | K13: =I13/H13 -> 0.49 | L13: =J13/H13 -> 0.51 | M13: =SUM(I13:J13) -> 200
B14: 4002 | C14: Kejaksaan Agung | D14: 32 | E14: 31 | F14: 0 | G14: 0 | H14: =SUM(D14:G14) -> 63 | I14: =D14+F14 -> 32 | J14: =E14+G14 -> 31 | K14: =I14/H14 -> 0.50793651 | L14: =J14/H14 -> 0.49206349 | M14: =SUM(I14:J14) -> 63
B15: 4007 | C15: Mahkamah Agung RI | D15: 1337 | E15: 1027 | F15: 3 | G15: 1 | H15: =SUM(D15:G15) -> 2368 | I15: =D15+F15 -> 1340 | J15: =E15+G15 -> 1028 | K15: =I15/H15 -> 0.56587838 | L15: =J15/H15 -> 0.43412162 | M15: =SUM(I15:J15) -> 2368
B16: 4008 | C16: Badan Pemeriksa Keuangan | D16: 138 | E16: 101 | F16: 0 | G16: 0
B17: 4016 | C17: Badan Pusat Statistik | D17: 739 | E17: 540 | F17: 5 | G17: 2 | H17: =SUM(D17:G17) -> 1286 | I17: =D17+F17 -> 744 | J17: =E17+G17 -> 542 | K17: =I17/H17 -> 0.5785381 | L17: =J17/H17 -> 0.4214619 | M17: =SUM(I17:J17) -> 1286
B18: 4020 | C18: Kementerian Kependudukan Dan Pembangunan Keluarga/Badan Kependudukan Dan Keluarga Berencana Nasional | D18: 295 | E18: 400 | F18: 374 | G18: 677 | H18: =SUM(D18:G18) -> 1746 | I18: =D18+F18 -> 669 | J18: =E18+G18 -> 1077 | K18: =I18/H18 -> 0.38316151 | L18: =J18/H18 -> 0.61683849 | M18: =SUM(I18:J18) -> 1746
B19: 4023 | C19: Badan Pengawasan Keuangan dan Pembangunan | D19: 118 | E19: 95 | F19: 0 | G19: 0 | H19: =SUM(D19:G19) -> 213 | I19: =D19+F19 -> 118 | J19: =E19+G19 -> 95 | K19: =I19/H19 -> 0.55399061 | L19: =J19/H19 -> 0.44600939 | M19: =SUM(I19:J19) -> 213
B20: 4024 | C20: Kementerian Agraria dan Tata Ruang/Badan Pertanahan Nasional | D20: 142 | E20: 64 | F20: 0 | G20: 0 | H20: =SUM(D20:G20) -> 206 | I20: =D20+F20 -> 142 | J20: =E20+G20 -> 64 | K20: =I20/H20 -> 0.68932039 | L20: =J20/H20 -> 0.31067961 | M20: =SUM(I20:J20) -> 206
B21: 4033 | C21: Kepolisian Negara | D21: 501 | E21: 424 | F21: 0 | G21: 0 | H21: =SUM(D21:G21) -> 925 | I21: =D21+F21 -> 501 | J21: =E21+G21 -> 424 | K21: =I21/H21 -> 0.54162162 | L21: =J21/H21 -> 0.45837838 | M21: =SUM(I21:J21) -> 925
B22: 4071 | C22: Badan Karantina Indonesia | D22: 233 | E22: 162 | F22: 0 | G22: 0 | H22: =SUM(D22:G22) -> 395 | I22: =D22+F22 -> 233 | J22: =E22+G22 -> 162 | K22: =I22/H22 -> 0.58987342 | L22: =J22/H22 -> 0.41012658 | M22: =SUM(I22:J22) -> 395
A23: JUMLAH INSTANSI PUSAT | D23: =SUM(D7:D22) -> 23474 | E23: =SUM(E7:E22) -> 18459 | F23: =SUM(F7:F22) -> 950 | G23: =SUM(G7:G22) -> 1994 | H23: =SUM(H7:H22) -> 44638 | I23: =D23+F23 -> 24424 | J23: =E23+G23 -> 20453 | K23: =I23/H23 -> 0.54715713 | L23: =J23/H23 -> 0.45819705 | M23: =SUM(I23:J23) -> 44877
A24: INSTANSI DAERAH | B24: 6100 | C24: Pemerintah Provinsi Jawa Barat | D24: 13605 | E24: 13169 | F24: 12078 | G24: 13620 | H24: =SUM(D24:G24) -> 52472 | I24: =D24+F24 -> 25683 | J24: =E24+G24 -> 26789 | K24: =I24/H24 -> 0.48946105 | L24: =J24/H24 -> 0.51053895 | M24: =SUM(I24:J24) -> 52472
B25: 6101 | C25: Pemerintah Kab. Bogor | D25: 5137 | E25: 6753 | F25: 4657 | G25: 9315 | H25: =SUM(D25:G25) -> 25862 | I25: =D25+F25 -> 9794 | J25: =E25+G25 -> 16068 | K25: =I25/H25 -> 0.37870234 | L25: =J25/H25 -> 0.62129766 | M25: =SUM(I25:J25) -> 25862
B26: 6102 | C26: Pemerintah Kab. Sukabumi | D26: 4244 | E26: 3693 | F26: 2234 | G26: 2900 | H26: =SUM(D26:G26) -> 13071 | I26: =D26+F26 -> 6478 | J26: =E26+G26 -> 6593 | K26: =I26/H26 -> 0.49560095 | L26: =J26/H26 -> 0.50439905 | M26: =SUM(I26:J26) -> 13071
B27: 6103 | C27: Pemerintah Kab. Cianjur | D27: 3477 | E27: 3835 | F27: 3415 | G27: 4725 | H27: =SUM(D27:G27) -> 15452 | I27: =D27+F27 -> 6892 | J27: =E27+G27 -> 8560 | K27: =I27/H27 -> 0.4460264 | L27: =J27/H27 -> 0.5539736 | M27: =SUM(I27:J27) -> 15452
B28: 6104 | C28: Pemerintah Kab. Bekasi | D28: 3505 | E28: 5540 | F28: 6455 | G28: 6959 | H28: =SUM(D28:G28) -> 22459 | I28: =D28+F28 -> 9960 | J28: =E28+G28 -> 12499 | K28: =I28/H28 -> 0.44347478 | L28: =J28/H28 -> 0.55652522 | M28: =SUM(I28:J28) -> 22459
B29: 6105 | C29: Pemerintah Kab. Karawang | D29: 3293 | E29: 4386 | F29: 2141 | G29: 3600 | H29: =SUM(D29:G29) -> 13420 | I29: =D29+F29 -> 5434 | J29: =E29+G29 -> 7986 | K29: =I29/H29 -> 0.40491803 | L29: =J29/H29 -> 0.59508197 | M29: =SUM(I29:J29) -> 13420
B30: 6106 | C30: Pemerintah Kab. Purwakarta | D30: 2550 | E30: 3189 | F30: 719 | G30: 1549 | H30: =SUM(D30:G30) -> 8007 | I30: =D30+F30 -> 3269 | J30: =E30+G30 -> 4738 | K30: =I30/H30 -> 0.40826777 | L30: =J30/H30 -> 0.59173223 | M30: =SUM(I30:J30) -> 8007
B31: 6107 | C31: Pemerintah Kab. Subang | D31: 3756 | E31: 4373 | F31: 1377 | G31: 2727 | H31: =SUM(D31:G31) -> 12233 | I31: =D31+F31 -> 5133 | J31: =E31+G31 -> 7100 | K31: =I31/H31 -> 0.41960271 | L31: =J31/H31 -> 0.58039729 | M31: =SUM(I31:J31) -> 12233
B32: 6108 | C32: Pemerintah Kab. Bandung | D32: 4236 | E32: 6058 | F32: 2784 | G32: 6080 | H32: =SUM(D32:G32) -> 19158 | I32: =D32+F32 -> 7020 | J32: =E32+G32 -> 12138 | K32: =I32/H32 -> 0.36642656 | L32: =J32/H32 -> 0.63357344 | M32: =SUM(I32:J32) -> 19158
B33: 6109 | C33: Pemerintah Kab. Sumedang | D33: 2744 | E33: 3789 | F33: 1066 | G33: 2371 | H33: =SUM(D33:G33) -> 9970 | I33: =D33+F33 -> 3810 | J33: =E33+G33 -> 6160 | K33: =I33/H33 -> 0.38214644 | L33: =J33/H33 -> 0.61785356 | M33: =SUM(I33:J33) -> 9970
B34: 6110 | C34: Pemerintah Kab. Garut | D34: 4794 | E34: 5381 | F34: 3674 | G34: 6305 | H34: =SUM(D34:G34) -> 20154 | I34: =D34+F34 -> 8468 | J34: =E34+G34 -> 11686 | K34: =I34/H34 -> 0.42016473 | L34: =J34/H34 -> 0.57983527 | M34: =SUM(I34:J34) -> 20154
B35: 6111 | C35: Pemerintah Kab. Tasikmalaya | D35: 3093 | E35: 4474 | F35: 1636 | G35: 3208 | H35: =SUM(D35:G35) -> 12411 | I35: =D35+F35 -> 4729 | J35: =E35+G35 -> 7682 | K35: =I35/H35 -> 0.38103295 | L35: =J35/H35 -> 0.61896705 | M35: =SUM(I35:J35) -> 12411
B36: 6112 | C36: Pemerintah Kab. Ciamis | D36: 2513 | E36: 3337 | F36: 1332 | G36: 2690 | H36: =SUM(D36:G36) -> 9872 | I36: =D36+F36 -> 3845 | J36: =E36+G36 -> 6027 | K36: =I36/H36 -> 0.38948541 | L36: =J36/H36 -> 0.61051459 | M36: =SUM(I36:J36) -> 9872
... B51: 6179 | C51: Pemerintah Kota Banjar | D51: 1184 | E51: 1427 | F51: 1245 | G51: 1005 | H51: =SUM(D51:G51) -> 4861 | I51: =D51+F51 -> 2429 | J51: =E51+G51 -> 2432 | K51: =I51/H51 -> 0.49969142 | L51: =J51/H51 -> 0.50030858 | M51: =SUM(I51:J51) -> 4861
B52: JUMLAH SEWILAYAH JAWA BARAT | D52: =SUM(D24:D51) -> 94290 | E52: =SUM(E24:E51) -> 116621 | F52: =SUM(F24:F51) -> 67446 | G52: =SUM(G24:G51) -> 100387 | H52: =SUM(H24:H51) -> 378744 | I52: =D52+F52 -> 161736 | J52: =E52+G52 -> 217008 | K52: =I52/H52 -> 0.42703251 | L52: =J52/H52 -> 0.57296749 | M52: =SUM(I52:J52) -> 378744
B53: 6200 | C53: Pemerintah Provinsi Banten | D53: 4238 | E53: 4042 | F53: 7205 | G53: 6170 | H53: =SUM(D53:G53) -> 21655 | I53: =D53+F53 -> 11443 | J53: =E53+G53 -> 10212 | K53: =I53/H53 -> 0.528423 | L53: =J53/H53 -> 0.471577 | M53: =SUM(I53:J53) -> 21655
B54: 6201 | C54: Pemerintah Kab. Serang | D54: 3179 | E54: 4359 | F54: 846 | G54: 1787 | H54: =SUM(D54:G54) -> 10171 | I54: =D54+F54 -> 4025 | J54: =E54+G54 -> 6146 | K54: =I54/H54 -> 0.39573297 | L54: =J54/H54 -> 0.60426703 | M54: =SUM(I54:J54) -> 10171
B55: 6202 | C55: Pemerintah Kab. Pandeglang | D55: 3283 | E55: 4112 | F55: 1975 | G55: 3265 | H55: =SUM(D55:G55) -> 12635 | I55: =D55+F55 -> 5258 | J55: =E55+G55 -> 7377 | K55: =I55/H55 -> 0.41614563 | L55: =J55/H55 -> 0.58385437 | M55: =SUM(I55:J55) -> 12635
B56: 6203 | C56: Pemerintah Kab. Lebak | D56: 3434 | E56: 3727 | F56: 2183 | G56: 3040 | H56: =SUM(D56:G56) -> 12384 | I56: =D56+F56 -> 5617 | J56: =E56+G56 -> 6767 | K56: =I56/H56 -> 0.45356912 | L56: =J56/H56 -> 0.54643088 | M56: =SUM(I56:J56) -> 12384
B57: 6204 | C57: Pemerintah Kab. Tangerang | D57: 3700 | E57: 5645 | F57: 2502 | G57: 4013 | H57: =SUM(D57:G57) -> 15860 | I57: =D57+F57 -> 6202 | J57: =E57+G57 -> 9658 | K57: =I57/H57 -> 0.39104666 | L57: =J57/H57 -> 0.60895334 | M57: =SUM(I57:J57) -> 15860
B58: 6271 | C58: Pemerintah Kota Tangerang | D58: 2246 | E58: 3889 | F58: 3159 | G58: 4436 | H58: =SUM(D58:G58) -> 13730 | I58: =D58+F58 -> 5405 | J58: =E58+G58 -> 8325 | K58: =I58/H58 -> 0.39366351 | L58: =J58/H58 -> 0.60633649 | M58: =SUM(I58:J58) -> 13730
B59: 6272 | C59: Pemerintah Kota Cilegon | D59: 1596 | E59: 2648 | F59: 473 | G59: 1145 | H59: =SUM(D59:G59) -> 5862 | I59: =D59+F59 -> 2069 | J59: =E59+G59 -> 3793 | K59: =I59/H59 -> 0.35295121 | L59: =J59/H59 -> 0.64704879 | M59: =SUM(I59:J59) -> 5862
B60: 6273 | C60: Pemerintah Kota Serang | D60: 1256 | E60: 2635 | F60: 611 | G60: 1345 | H60: =SUM(D60:G60) -> 5847 | I60: =D60+F60 -> 1867 | J60: =E60+G60 -> 3980 | K60: =I60/H60 -> 0.31930905 | L60: =J60/H60 -> 0.68069095 | M60: =SUM(I60:J60) -> 5847
B61: 6274 | C61: Pemerintah Kota Tangerang Selatan | D61: 1596 | E61: 2513 | F61: 6328 | G61: 4969 | H61: =SUM(D61:G61) -> 15406 | I61: =D61+F61 -> 7924 | J61: =E61+G61 -> 7482 | K61: =I61/H61 -> 0.51434506 | L61: =J61/H61 -> 0.48565494 | M61: =SUM(I61:J61) -> 15406
B62: JUMLAH SEWILAYAH BANTEN | D62: =SUM(D53:D61) -> 24528 | E62: =SUM(E53:E61) -> 33570 | F62: =SUM(F53:F61) -> 25282 | G62: =SUM(G53:G61) -> 30170 | H62: =SUM(H53:H61) -> 113550 | I62: =D62+F62 -> 49810 | J62: =E62+G62 -> 63740 | K62: =I62/H62 -> 0.43866138 | L62: =J62/H62 -> 0.56133862 | M62: =SUM(I62:J62) -> 113550
A63: JUMLAH INSTANSI DAERAH | D63: =D52+D62 -> 118818 | E63: =E52+E62 -> 150191 | F63: =F52+F62 -> 92728 | G63: =G52+G62 -> 130557 | H63: =H52+H62 -> 492294 | I63: =D63+F63 -> 211546 | J63: =E63+G63 -> 280748 | K63: =I63/H63 -> 0.42971476 | L63: =J63/H63 -> 0.57028524 | M63: =SUM(I63:J63) -> 492294
A64: JUMLAH se-WILAYAH KERJA KANTOR REGIONAL | D64: =D23+D63 -> 142292 | E64: =E23+E63 -> 168650 | F64: =F23+F63 -> 93678 | G64: =G23+G63 -> 132551 | H64: =H23+H63 -> 536932 | I64: =D64+F64 -> 235970 | J64: =E64+G64 -> 301201 | K64: =I64/H64 -> 0.43947837 | L64: =J64/H64 -> 0.56096675 | M64: =SUM(I64:J64) -> 537171

Sheet PENDIDIKAN ASN
A1: ASN OKTOBER 2025
A2: berdasarkan Pendidikan ASN
A3: keadaan data pada tanggal : 2 November 2025
A5: JENIS | B5: KODE | C5: INSTANSI | D5: PNS | M5: PPPK | V5: Jumlah | W5: ASN
D6: SD | E6: SMP | F6: SMA | G6: Diploma I | H6: Diploma II | I6: Diploma III | J6: S1 | K6: S2 | L6: S3 | M6: SD | N6: SMP | O6: SMA | P6: Diploma I | Q6: Diploma II | R6: Diploma III | S6: S1 | T6: S2 | U6: S3 | W6: SD | X6: SMP | Y6: SMA | Z6: Diploma I | AA6: Diploma II | AB6: Diploma III | AC6: S1 | AD6: S2 | AE6: S3 | AF6: JML
A7: INSTANSI PUSAT | B7: 3003 | C7: Kementerian Pertahanan | D7: 9 | E7: 60 | F7: 1109 | G7: 12 | H7: 2 | I7: 132 | J7: 302 | K7: 35 | L7: 2 | M7: 0 | N7: 0 | O7: 0 | P7: 0 | Q7: 0 | R7: 1032 | S7: 17 | T7: 94 | U7: 0 | V7: =SUM(D7:U7) -> 2806 | W7: =D7+M7 -> 9 | X7: =E7+N7 -> 60 | Y7: =F7+O7 -> 1109 | Z7: =G7+P7 -> 12 | AA7: =H7+Q7 -> 2 | AB7: =I7+R7 -> 1164 | AC7: =J7+S7 -> 319 | AD7: =K7+T7 -> 129 | AE7: =L7+U7 -> 2 | AF7: =SUM(W7:AE7) -> 2806
B8: 3005 | C8: Kementerian Keuangan | D8: 2 | E8: 0 | F8: 74 | G8: 674 | H8: 1 | I8: 750 | J8: 1111 | K8: 386 | L8: 15 | M8: 0 | N8: 0 | O8: 0 | P8: 0 | Q8: 0 | R8: 0 | S8: 0 | T8: 0 | U8: 0 | V8: =SUM(D8:U8) -> 3013 | W8: =D8+M8 -> 2 | X8: =E8+N8 -> 0 | Y8: =F8+O8 -> 74 | Z8: =G8+P8 -> 674 | AA8: =H8+Q8 -> 1 | AB8: =I8+R8 -> 750 | AC8: =J8+S8 -> 1111 | AD8: =K8+T8 -> 386 | AE8: =L8+U8 -> 15 | AF8: =SUM(W8:AE8) -> 3013
B9: 3006 | C9: Kementerian Pertanian | D9: 18 | E9: 25 | F9: 447 | G9: 0 | H9: 2 | I9: 197 | J9: 454 | K9: 390 | L9: 89 | M9: 0 | N9: 0 | O9: 0 | P9: 0 | Q9: 0 | R9: 0 | S9: 0 | T9: 0 | U9: 0 | V9: =SUM(D9:U9) -> 1622 | W9: =D9+M9 -> 18 | X9: =E9+N9 -> 25 | Y9: =F9+O9 -> 447 | Z9: =G9+P9 -> 0 | AA9: =H9+Q9 -> 2 | AB9: =I9+R9 -> 197 | AC9: =J9+S9 -> 454 | AD9: =K9+T9 -> 390 | AE9: =L9+U9 -> 89 | AF9: =SUM(W9:AE9) -> 1622
B10: 3012 | C10: Kementerian Agama | D10: 20 | E10: 62 | F10: 906 | G10: 4 | H10: 211 | I10: 80 | J10: 18400 | K10: 4900 | L10: 784 | M10: 0 | N10: 0 | O10: 0 | P10: 0 | Q10: 0 | R10: 0 | S10: 717 | T10: 22 | U10: 0 | V10: =SUM(D10:U10) -> 26106 | W10: =D10+M10 -> 20 | X10: =E10+N10 -> 62 | Y10: =F10+O10 -> 906 | Z10: =G10+P10 -> 4 | AA10: =H10+Q10 -> 211 | AB10: =I10+R10 -> 80 | AC10: =J10+S10 -> 19117 | AD10: =K10+T10 -> 4922 | AE10: =L10+U10 -> 784 | AF10: =SUM(W10:AE10) -> 26106
B11: 3023 | C11: Kementerian Hak Asasi Manusia | D11: 0 | E11: 0 | F11: 3 | G11: 0 | H11: 0 | I11: 2 | J11: 22 | K11: 5 | L11: 0 | M11: 0 | N11: 0 | O11: 0 | P11: 0 | Q11: 0 | R11: 0 | S11: 0 | T11: 0 | U11: 0 | V11: =SUM(D11:U11) -> 32 | W11: =D11+M11 -> 0 | X11: =E11+N11 -> 0 | Y11: =F11+O11 -> 3 | Z11: =G11+P11 -> 0 | AA11: =H11+Q11 -> 0 | AB11: =I11+R11 -> 2 | AC11: =J11+S11 -> 22 | AD11: =K11+T11 -> 5 | AE11: =L11+U11 -> 0 | AF11: =SUM(W11:AE11) -> 32
B12: 3024 | C12: Kementerian Imigrasi dan Pemasyarakatan | D12: 6 | E12: 1 | F12: 1776 | G12: 2 | H12: 0 | I12: 100 | J12: 1386 | K12: 382 | L12: 4 | M12: 0 | N12: 0 | O12: 0 | P12: 0 | Q12: 0 | R12: 0 | S12: 0 | T12: 0 | U12: 0 | V12: =SUM(D12:U12) -> 3657 | W12: =D12+M12 -> 6 | X12: =E12+N12 -> 1 | Y12: =F12+O12 -> 1776 | Z12: =G12+P12 -> 2 | AA12: =H12+Q12 -> 0 | AB12: =I12+R12 -> 100 | AC12: =J12+S12 -> 1386 | AD12: =K12+T12 -> 382 | AE12: =L12+U12 -> 4 | AF12: =SUM(W12:AE12) -> 3657
B13: 3038 | C13: Kementerian Hukum | D13: 0 | E13: 0 | F13: 18 | G13: 0 | H13: 0 | I13: 6 | J13: 111 | K13: 64 | L13: 1 | M13: 0 | N13: 0 | O13: 0 | P13: 0 | Q13: 0 | R13: 0 | S13: 0 | T13: 0 | U13: 0 | V13: =SUM(D13:U13) -> 200 | W13: =D13+M13 -> 0 | X13: =E13+N13 -> 0 | Y13: =F13+O13 -> 18 | Z13: =G13+P13 -> 0 | AA13: =H13+Q13 -> 0 | AB13: =I13+R13 -> 6 | AC13: =J13+S13 -> 111 | AD13: =K13+T13 -> 64 | AE13: =L13+U13 -> 1 | AF13: =SUM(W13:AE13) -> 200
B14: 4002 | C14: Kejaksaan Agung | D14: 0 | E14: 0 | F14: 10 | G14: 0 | H14: 0 | I14: 4 | J14: 32 | K14: 17 | L14: 0 | M14: 0 | N14: 0 | O14: 0 | P14: 0 | Q14: 0 | R14: 0 | S14: 0 | T14: 0 | U14: 0 | V14: =SUM(D14:U14) -> 63 | W14: =D14+M14 -> 0 | X14: =E14+N14 -> 0 | Y14: =F14+O14 -> 10 | Z14: =G14+P14 -> 0 | AA14: =H14+Q14 -> 0 | AB14: =I14+R14 -> 4 | AC14: =J14+S14 -> 32 | AD14: =K14+T14 -> 17 | AE14: =L14+U14 -> 0 | AF14: =SUM(W14:AE14) -> 63
B15: 4007 | C15: Mahkamah Agung RI | D15: 3 | E15: 0 | F15: 161 | G15: 0 | H15: 0 | I15: 235 | J15: 1273 | K15: 650 | L15: 42 | M15: 0 | N15: 0 | O15: 0 | P15: 0 | Q15: 0 | R15: 0 | S15: 4 | T15: 0 | U15: 0 | V15: =SUM(D15:U15) -> 2368 | W15: =D15+M15 -> 3 | X15: =E15+N15 -> 0 | Y15: =F15+O15 -> 161 | Z15: =G15+P15 -> 0 | AA15: =H15+Q15 -> 0 | AB15: =I15+R15 -> 235 | AC15: =J15+S15 -> 1277 | AD15: =K15+T15 -> 650 | AE15: =L15+U15 -> 42 | AF15: =SUM(W15:AE15) -> 2368
B16: 4008 | C16: Badan Pemeriksa Keuangan | D16: 0 | E16: 0 | F16: 6 | G16: 0 | H16: 0 | I16: 12 | J16: 116 | K16: 104 | L16: 1 | M16: 0 | N16: 0 | O16: 0 | P16: 0 | Q16: 0 | R16: 0 | S16: 0 | T16: 0 | U16: 0 | V16: =SUM(D16:U16) -> 239 | W16: =D16+M16 -> 0 | X16: =E16+N16 -> 0 | Y16: =F16+O16 -> 6 | Z16: =G16+P16 -> 0 | AA16: =H16+Q16 -> 0 | AB16: =I16+R16 -> 12 | AC16: =J16+S16 -> 116 | AD16: =K16+T16 -> 104 | AE16: =L16+U16 -> 1 | AF16: =SUM(W16:AE16) -> 239
B17: 4016 | C17: Badan Pusat Statistik | D17: 1 | E17: 2 | F17: 192 | G17: 7 | H17: 0 | I17: 152 | J17: 621 | K17: 301 | L17: 3 | M17: 0 | N17: 0 | O17: 1 | P17: 0 | Q17: 0 | R17: 4 | S17: 2 | T17: 0 | U17: 0 | V17: =SUM(D17:U17) -> 1286 | W17: =D17+M17 -> 1 | X17: =E17+N17 -> 2 | Y17: =F17+O17 -> 193 | Z17: =G17+P17 -> 7 | AA17: =H17+Q17 -> 0 | AB17: =I17+R17 -> 156 | AC17: =J17+S17 -> 623 | AD17: =K17+T17 -> 301 | AE17: =L17+U17 -> 3 | AF17: =SUM(W17:AE17) -> 1286
B18: 4020 | C18: Kementerian Kependudukan Dan Pembangunan Keluarga/Badan Kependudukan Dan Keluarga Berencana Nasional | D18: 0 | E18: 0 | F18: 148 | G18: 5 | H18: 1 | I18: 47 | J18: 433 | K18: 60 | L18: 1 | M18: 1 | N18: 4 | O18: 45 | P18: 0 | Q18: 0 | R18: 282 | S18: 719 | T18: 0 | U18: 0 | V18: =SUM(D18:U18) -> 1746 | W18: =D18+M18 -> 1 | X18: =E18+N18 -> 4 | Y18: =F18+O18 -> 193 | Z18: =G18+P18 -> 5 | AA18: =H18+Q18 -> 1 | AB18: =I18+R18 -> 329 | AC18: =J18+S18 -> 1152 | AD18: =K18+T18 -> 60 | AE18: =L18+U18 -> 1 | AF18: =SUM(W18:AE18) -> 1746
B19: 4023 | C19: Badan Pengawasan Keuangan dan Pembangunan | D19: 0 | E19: 0 | F19: 20 | G19: 1 | H19: 0 | I19: 48 | J19: 109 | K19: 34 | L19: 1 | M19: 0 | N19: 0 | O19: 0 | P19: 0 | Q19: 0 | R19: 0 | S19: 0 | T19: 0 | U19: 0 | V19: =SUM(D19:U19) -> 213 | W19: =D19+M19 -> 0 | X19: =E19+N19 -> 0 | Y19: =F19+O19 -> 20 | Z19: =G19+P19 -> 1 | AA19: =H19+Q19 -> 0 | AB19: =I19+R19 -> 48 | AC19: =J19+S19 -> 109 | AD19: =K19+T19 -> 34 | AE19: =L19+U19 -> 1 | AF19: =SUM(W19:AE19) -> 213
... B22: 4071 | C22: Badan Karantina Indonesia | D22: 0 | E22: 3 | F22: 100 | G22: 0 | H22: 3 | I22: 81 | J22: 112 | K22: 90 | L22: 6 | M22: 0 | N22: 0 | O22: 0 | P22: 0 | Q22: 0 | R22: 0 | S22: 0 | T22: 0 | U22: 0 | V22: =SUM(D22:U22) -> 395 | W22: =D22+M22 -> 0 | X22: =E22+N22 -> 3 | Y22: =F22+O22 -> 100 | Z22: =G22+P22 -> 0 | AA22: =H22+Q22 -> 3 | AB22: =I22+R22 -> 81 | AC22: =J22+S22 -> 112 | AD22: =K22+T22 -> 90 | AE22: =L22+U22 -> 6 | AF22: =SUM(W22:AE22) -> 395
A23: JUMLAH INSTANSI PUSAT | D23: =SUM(D7:D22) -> 70 | E23: =SUM(E7:E22) -> 173 | F23: =SUM(F7:F22) -> 5567 | G23: =SUM(G7:G22) -> 717 | H23: =SUM(H7:H22) -> 220 | I23: =SUM(I7:I22) -> 2023 | J23: =SUM(J7:J22) -> 24700 | K23: =SUM(K7:K22) -> 7511 | ... V23: =SUM(V7:V22) -> 44877 | W23: =D23+M23 -> 71 | X23: =E23+N23 -> 177 | Y23: =F23+O23 -> 5613 | Z23: =G23+P23 -> 717 | AA23: =H23+Q23 -> 220 | AB23: =I23+R23 -> 3341 | AC23: =J23+S23 -> 26159 | AD23: =K23+T23 -> 7627 | AE23: =L23+U23 -> 952 | AF23: =SUM(W23:AE23) -> 44877
A24: INSTANSI DAERAH | B24: 6100 | C24: Pemerintah Provinsi Jawa Barat | D24: 81 | E24: 174 | F24: 2038 | G24: 10 | H24: 25 | I24: 1384 | J24: 16968 | K24: 5931 | L24: 163 | M24: 0 | N24: 0 | O24: 897 | P24: 0 | Q24: 0 | R24: 1705 | S24: 22631 | T24: 465 | U24: 0 | V24: =SUM(D24:U24) -> 52472 | W24: =D24+M24 -> 81 | X24: =E24+N24 -> 174 | Y24: =F24+O24 -> 2935 | Z24: =G24+P24 -> 10 | AA24: =H24+Q24 -> 25 | AB24: =I24+R24 -> 3089 | AC24: =J24+S24 -> 39599 | AD24: =K24+T24 -> 6396 | AE24: =L24+U24 -> 163 | AF24: =SUM(W24:AE24) -> 52472
B25: 6101 | C25: Pemerintah Kab. Bogor | D25: 20 | E25: 64 | F25: 1161 | G25: 17 | H25: 48 | I25: 1403 | J25: 7240 | K25: 1917 | L25: 20 | M25: 29 | N25: 2 | O25: 751 | P25: 0 | Q25: 0 | R25: 1478 | S25: 11405 | T25: 307 | U25: 0 | V25: =SUM(D25:U25) -> 25862 | W25: =D25+M25 -> 49 | X25: =E25+N25 -> 66 | Y25: =F25+O25 -> 1912 | Z25: =G25+P25 -> 17 | AA25: =H25+Q25 -> 48 | AB25: =I25+R25 -> 2881 | AC25: =J25+S25 -> 18645 | AD25: =K25+T25 -> 2224 | AE25: =L25+U25 -> 20 | AF25: =SUM(W25:AE25) -> 25862
B26: 6102 | C26: Pemerintah Kab. Sukabumi | D26: 39 | E26: 61 | F26: 734 | G26: 8 | H26: 75 | I26: 795 | J26: 5102 | K26: 1110 | L26: 13 | M26: 0 | N26: 1 | O26: 119 | P26: 0 | Q26: 0 | R26: 483 | S26: 4371 | T26: 160 | U26: 0 | V26: =SUM(D26:U26) -> 13071 | W26: =D26+M26 -> 39 | X26: =E26+N26 -> 62 | Y26: =F26+O26 -> 853 | Z26: =G26+P26 -> 8 | AA26: =H26+Q26 -> 75 | AB26: =I26+R26 -> 1278 | AC26: =J26+S26 -> 9473 | AD26: =K26+T26 -> 1270 | AE26: =L26+U26 -> 13 | AF26: =SUM(W26:AE26) -> 13071
B27: 6103 | C27: Pemerintah Kab. Cianjur | D27: 17 | E27: 34 | F27: 372 | G27: 7 | H27: 72 | I27: 585 | J27: 5183 | K27: 1033 | L27: 9 | M27: 0 | N27: 0 | O27: 273 | P27: 0 | Q27: 2 | R27: 705 | S27: 6993 | T27: 167 | U27: 0 | V27: =SUM(D27:U27) -> 15452 | W27: =D27+M27 -> 17 | X27: =E27+N27 -> 34 | Y27: =F27+O27 -> 645 | Z27: =G27+P27 -> 7 | AA27: =H27+Q27 -> 74 | AB27: =I27+R27 -> 1290 | AC27: =J27+S27 -> 12176 | AD27: =K27+T27 -> 1200 | AE27: =L27+U27 -> 9 | AF27: =SUM(W27:AE27) -> 15452
B28: 6104 | C28: Pemerintah Kab. Bekasi | D28: 59 | E28: 58 | F28: 498 | G28: 3 | H28: 63 | I28: 556 | J28: 6309 | K28: 1483 | L28: 16 | M28: 455 | N28: 447 | O28: 3135 | P28: 0 | Q28: 0 | R28: 836 | S28: 8443 | T28: 98 | U28: 0 | V28: =SUM(D28:U28) -> 22459 | W28: =D28+M28 -> 514 | X28: =E28+N28 -> 505 | Y28: =F28+O28 -> 3633 | Z28: =G28+P28 -> 3 | AA28: =H28+Q28 -> 63 | AB28: =I28+R28 -> 1392 | AC28: =J28+S28 -> 14752 | AD28: =K28+T28 -> 1581 | AE28: =L28+U28 -> 16 | AF28: =SUM(W28:AE28) -> 22459
B29: 6105 | C29: Pemerintah Kab. Karawang | D29: 8 | E29: 38 | F29: 619 | G29: 11 | H29: 79 | I29: 961 | J29: 5105 | K29: 849 | L29: 9 | M29: 8 | N29: 17 | O29: 172 | P29: 0 | Q29: 0 | R29: 971 | S29: 4399 | T29: 174 | U29: 0 | V29: =SUM(D29:U29) -> 13420 | W29: =D29+M29 -> 16 | X29: =E29+N29 -> 55 | Y29: =F29+O29 -> 791 | Z29: =G29+P29 -> 11 | AA29: =H29+Q29 -> 79 | AB29: =I29+R29 -> 1932 | AC29: =J29+S29 -> 9504 | AD29: =K29+T29 -> 1023 | AE29: =L29+U29 -> 9 | AF29: =SUM(W29:AE29) -> 13420
B30: 6106 | C30: Pemerintah Kab. Purwakarta | D30: 42 | E30: 63 | F30: 786 | G30: 16 | H30: 56 | I30: 583 | J30: 3589 | K30: 596 | L30: 8 | M30: 11 | N30: 0 | O30: 105 | P30: 0 | Q30: 1 | R30: 377 | S30: 1707 | T30: 67 | U30: 0 | V30: =SUM(D30:U30) -> 8007 | W30: =D30+M30 -> 53 | X30: =E30+N30 -> 63 | Y30: =F30+O30 -> 891 | Z30: =G30+P30 -> 16 | AA30: =H30+Q30 -> 57 | AB30: =I30+R30 -> 960 | AC30: =J30+S30 -> 5296 | AD30: =K30+T30 -> 663 | AE30: =L30+U30 -> 8 | AF30: =SUM(W30:AE30) -> 8007
B31: 6107 | C31: Pemerintah Kab. Subang | D31: 26 | E31: 16 | F31: 713 | G31: 8 | H31: 52 | I31: 621 | J31: 5734 | K31: 952 | L31: 7 | M31: 3 | N31: 3 | O31: 126 | P31: 0 | Q31: 0 | R31: 328 | S31: 3589 | T31: 55 | U31: 0 | V31: =SUM(D31:U31) -> 12233 | W31: =D31+M31 -> 29 | X31: =E31+N31 -> 19 | Y31: =F31+O31 -> 839 | Z31: =G31+P31 -> 8 | AA31: =H31+Q31 -> 52 | AB31: =I31+R31 -> 949 | AC31: =J31+S31 -> 9323 | AD31: =K31+T31 -> 1007 | AE31: =L31+U31 -> 7 | AF31: =SUM(W31:AE31) -> 12233
B32: 6108 | C32: Pemerintah Kab. Bandung | D32: 73 | E32: 122 | F32: 1130 | G32: 17 | H32: 236 | I32: 1339 | J32: 6188 | K32: 1168 | L32: 20 | M32: 23 | N32: 0 | O32: 139 | P32: 0 | Q32: 4 | R32: 628 | S32: 7922 | T32: 149 | U32: 0 | V32: =SUM(D32:U32) -> 19158 | W32: =D32+M32 -> 96 | X32: =E32+N32 -> 122 | Y32: =F32+O32 -> 1269 | Z32: =G32+P32 -> 17 | AA32: =H32+Q32 -> 240 | AB32: =I32+R32 -> 1967 | AC32: =J32+S32 -> 14110 | AD32: =K32+T32 -> 1317 | AE32: =L32+U32 -> 20 | AF32: =SUM(W32:AE32) -> 19158
B33: 6109 | C33: Pemerintah Kab. Sumedang | D33: 13 | E33: 55 | F33: 569 | G33: 5 | H33: 31 | I33: 598 | J33: 4515 | K33: 736 | L33: 11 | M33: 2 | N33: 0 | O33: 53 | P33: 0 | Q33: 0 | R33: 379 | S33: 2933 | T33: 70 | U33: 0 | V33: =SUM(D33:U33) -> 9970 | W33: =D33+M33 -> 15 | X33: =E33+N33 -> 55 | Y33: =F33+O33 -> 622 | Z33: =G33+P33 -> 5 | AA33: =H33+Q33 -> 31 | AB33: =I33+R33 -> 977 | AC33: =J33+S33 -> 7448 | AD33: =K33+T33 -> 806 | AE33: =L33+U33 -> 11 | AF33: =SUM(W33:AE33) -> 9970
B34: 6110 | C34: Pemerintah Kab. Garut | D34: 27 | E34: 59 | F34: 855 | G34: 3 | H34: 84 | I34: 672 | J34: 7229 | K34: 1231 | L34: 15 | M34: 43 | N34: 28 | O34: 615 | P34: 0 | Q34: 2 | R34: 2029 | S34: 7069 | T34: 193 | U34: 0 | V34: =SUM(D34:U34) -> 20154 | W34: =D34+M34 -> 70 | X34: =E34+N34 -> 87 | Y34: =F34+O34 -> 1470 | Z34: =G34+P34 -> 3 | AA34: =H34+Q34 -> 86 | AB34: =I34+R34 -> 2701 | AC34: =J34+S34 -> 14298 | AD34: =K34+T34 -> 1424 | AE34: =L34+U34 -> 15 | AF34: =SUM(W34:AE34) -> 20154
B35: 6111 | C35: Pemerintah Kab. Tasikmalaya | D35: 8 | E35: 14 | F35: 261 | G35: 1 | H35: 22 | I35: 601 | J35: 5683 | K35: 968 | L35: 9 | M35: 4 | N35: 3 | O35: 81 | P35: 0 | Q35: 0 | R35: 844 | S35: 3731 | T35: 181 | U35: 0 | V35: =SUM(D35:U35) -> 12411 | W35: =D35+M35 -> 12 | X35: =E35+N35 -> 17 | Y35: =F35+O35 -> 342 | Z35: =G35+P35 -> 1 | AA35: =H35+Q35 -> 22 | AB35: =I35+R35 -> 1445 | AC35: =J35+S35 -> 9414 | AD35: =K35+T35 -> 1149 | AE35: =L35+U35 -> 9 | AF35: =SUM(W35:AE35) -> 12411
B36: 6112 | C36: Pemerintah Kab. Ciamis | D36: 11 | E36: 37 | F36: 448 | G36: 4 | H36: 58 | I36: 638 | J36: 3987 | K36: 651 | L36: 16 | M36: 1 | N36: 0 | O36: 106 | P36: 0 | Q36: 0 | R36: 416 | S36: 3356 | T36: 143 | U36: 0 | V36: =SUM(D36:U36) -> 9872 | W36: =D36+M36 -> 12 | X36: =E36+N36 -> 37 | Y36: =F36+O36 -> 554 | Z36: =G36+P36 -> 4 | AA36: =H36+Q36 -> 58 | AB36: =I36+R36 -> 1054 | AC36: =J36+S36 -> 7343 | AD36: =K36+T36 -> 794 | AE36: =L36+U36 -> 16 | AF36: =SUM(W36:AE36) -> 9872
... B51: 6179 | C51: Pemerintah Kota Banjar | D51: 1 | E51: 6 | F51: 272 | G51: 1 | H51: 5 | I51: 364 | J51: 1560 | K51: 396 | L51: 6 | M51: 314 | N51: 0 | O51: 754 | P51: 0 | Q51: 0 | R51: 265 | S51: 798 | T51: 119 | U51: 0 | V51: =SUM(D51:U51) -> 4861 | W51: =D51+M51 -> 315 | X51: =E51+N51 -> 6 | Y51: =F51+O51 -> 1026 | Z51: =G51+P51 -> 1 | AA51: =H51+Q51 -> 5 | AB51: =I51+R51 -> 629 | AC51: =J51+S51 -> 2358 | AD51: =K51+T51 -> 515 | AE51: =L51+U51 -> 6 | AF51: =SUM(W51:AE51) -> 4861
B52: JUMLAH SEWILAYAH JAWA BARAT | D52: =SUM(D24:D51) -> 778 | E52: =SUM(E24:E51) -> 1298 | F52: =SUM(F24:F51) -> 18274 | G52: =SUM(G24:G51) -> 190 | H52: =SUM(H24:H51) -> 1368 | I52: =SUM(I24:I51) -> 20054 | J52: =SUM(J24:J51) -> 138350 | K52: =SUM(K24:K51) -> 30093 | ... V52: =SUM(V24:V51) -> 378744 | W52: =D52+M52 -> 2264 | X52: =E52+N52 -> 2257 | Y52: =F52+O52 -> 33118 | Z52: =G52+P52 -> 190 | AA52: =H52+Q52 -> 1390 | AB52: =I52+R52 -> 37170 | AC52: =J52+S52 -> 268335 | AD52: =K52+T52 -> 33513 | AE52: =L52+U52 -> 507 | AF52: =SUM(W52:AE52) -> 378744
B53: 6200 | C53: Pemerintah Provinsi Banten | D53: 3 | E53: 29 | F53: 454 | G53: 1 | H53: 6 | I53: 249 | J53: 4665 | K53: 2800 | L53: 73 | M53: 82 | N53: 9 | O53: 2864 | P53: 0 | Q53: 0 | R53: 470 | S53: 9834 | T53: 116 | U53: 0 | V53: =SUM(D53:U53) -> 21655 | W53: =D53+M53 -> 85 | X53: =E53+N53 -> 38 | Y53: =F53+O53 -> 3318 | Z53: =G53+P53 -> 1 | AA53: =H53+Q53 -> 6 | AB53: =I53+R53 -> 719 | AC53: =J53+S53 -> 14499 | AD53: =K53+T53 -> 2916 | AE53: =L53+U53 -> 73 | AF53: =SUM(W53:AE53) -> 21655
B54: 6201 | C54: Pemerintah Kab. Serang | D54: 37 | E54: 42 | F54: 517 | G54: 5 | H54: 67 | I54: 591 | J54: 5432 | K54: 838 | L54: 9 | M54: 21 | N54: 0 | O54: 65 | P54: 0 | Q54: 0 | R54: 276 | S54: 2211 | T54: 60 | U54: 0 | V54: =SUM(D54:U54) -> 10171 | W54: =D54+M54 -> 58 | X54: =E54+N54 -> 42 | Y54: =F54+O54 -> 582 | Z54: =G54+P54 -> 5 | AA54: =H54+Q54 -> 67 | AB54: =I54+R54 -> 867 | AC54: =J54+S54 -> 7643 | AD54: =K54+T54 -> 898 | AE54: =L54+U54 -> 9 | AF54: =SUM(W54:AE54) -> 10171
B55: 6202 | C55: Pemerintah Kab. Pandeglang | D55: 13 | E55: 44 | F55: 530 | G55: 4 | H55: 70 | I55: 476 | J55: 5636 | K55: 615 | L55: 7 | M55: 12 | N55: 6 | O55: 213 | P55: 0 | Q55: 0 | R55: 347 | S55: 4576 | T55: 86 | U55: 0 | V55: =SUM(D55:U55) -> 12635 | W55: =D55+M55 -> 25 | X55: =E55+N55 -> 50 | Y55: =F55+O55 -> 743 | Z55: =G55+P55 -> 4 | AA55: =H55+Q55 -> 70 | AB55: =I55+R55 -> 823 | AC55: =J55+S55 -> 10212 | AD55: =K55+T55 -> 701 | AE55: =L55+U55 -> 7 | AF55: =SUM(W55:AE55) -> 12635
B56: 6203 | C56: Pemerintah Kab. Lebak | D56: 64 | E56: 37 | F56: 480 | G56: 6 | H56: 142 | I56: 514 | J56: 5167 | K56: 748 | L56: 3 | M56: 4 | N56: 13 | O56: 279 | P56: 0 | Q56: 0 | R56: 888 | S56: 3889 | T56: 150 | U56: 0 | V56: =SUM(D56:U56) -> 12384 | W56: =D56+M56 -> 68 | X56: =E56+N56 -> 50 | Y56: =F56+O56 -> 759 | Z56: =G56+P56 -> 6 | AA56: =H56+Q56 -> 142 | AB56: =I56+R56 -> 1402 | AC56: =J56+S56 -> 9056 | AD56: =K56+T56 -> 898 | AE56: =L56+U56 -> 3 | AF56: =SUM(W56:AE56) -> 12384
B57: 6204 | C57: Pemerintah Kab. Tangerang | D57: 7 | E57: 11 | F57: 600 | G57: 23 | H57: 137 | I57: 1251 | J57: 5996 | K57: 1300 | L57: 20 | M57: 6 | N57: 3 | O57: 619 | P57: 0 | Q57: 0 | R57: 426 | S57: 5355 | T57: 105 | U57: 1 | V57: =SUM(D57:U57) -> 15860 | W57: =D57+M57 -> 13 | X57: =E57+N57 -> 14 | Y57: =F57+O57 -> 1219 | Z57: =G57+P57 -> 23 | AA57: =H57+Q57 -> 137 | AB57: =I57+R57 -> 1677 | AC57: =J57+S57 -> 11351 | AD57: =K57+T57 -> 1405 | AE57: =L57+U57 -> 21 | AF57: =SUM(W57:AE57) -> 15860
B58: 6271 | C58: Pemerintah Kota Tangerang | D58: 25 | E58: 41 | F58: 450 | G58: 11 | H58: 39 | I58: 491 | J58: 3990 | K58: 1059 | L58: 29 | M58: 108 | N58: 0 | O58: 1479 | P58: 0 | Q58: 2 | R58: 672 | S58: 4982 | T58: 352 | U58: 0 | V58: =SUM(D58:U58) -> 13730 | W58: =D58+M58 -> 133 | X58: =E58+N58 -> 41 | Y58: =F58+O58 -> 1929 | Z58: =G58+P58 -> 11 | AA58: =H58+Q58 -> 41 | AB58: =I58+R58 -> 1163 | AC58: =J58+S58 -> 8972 | AD58: =K58+T58 -> 1411 | AE58: =L58+U58 -> 29 | AF58: =SUM(W58:AE58) -> 13730
B59: 6272 | C59: Pemerintah Kota Cilegon | D59: 2 | E59: 8 | F59: 309 | G59: 7 | H59: 15 | I59: 409 | J59: 2640 | K59: 846 | L59: 8 | M59: 15 | N59: 0 | O59: 164 | P59: 0 | Q59: 0 | R59: 236 | S59: 1151 | T59: 52 | U59: 0 | V59: =SUM(D59:U59) -> 5862 | W59: =D59+M59 -> 17 | X59: =E59+N59 -> 8 | Y59: =F59+O59 -> 473 | Z59: =G59+P59 -> 7 | AA59: =H59+Q59 -> 15 | AB59: =I59+R59 -> 645 | AC59: =J59+S59 -> 3791 | AD59: =K59+T59 -> 898 | AE59: =L59+U59 -> 8 | AF59: =SUM(W59:AE59) -> 5862
B60: 6273 | C60: Pemerintah Kota Serang | D60: 1 | E60: 6 | F60: 106 | G60: 2 | H60: 20 | I60: 291 | J60: 2657 | K60: 798 | L60: 10 | M60: 30 | N60: 0 | O60: 96 | P60: 0 | Q60: 0 | R60: 36 | S60: 1774 | T60: 20 | U60: 0 | V60: =SUM(D60:U60) -> 5847 | W60: =D60+M60 -> 31 | X60: =E60+N60 -> 6 | Y60: =F60+O60 -> 202 | Z60: =G60+P60 -> 2 | AA60: =H60+Q60 -> 20 | AB60: =I60+R60 -> 327 | AC60: =J60+S60 -> 4431 | AD60: =K60+T60 -> 818 | AE60: =L60+U60 -> 10 | AF60: =SUM(W60:AE60) -> 5847
B61: 6274 | C61: Pemerintah Kota Tangerang Selatan | D61: 1 | E61: 0 | F61: 145 | G61: 6 | H61: 48 | I61: 388 | J61: 2678 | K61: 836 | L61: 7 | M61: 260 | N61: 334 | O61: 3447 | P61: 3 | Q61: 3 | R61: 1285 | S61: 5558 | T61: 407 | U61: 0 | V61: =SUM(D61:U61) -> 15406 | W61: =D61+M61 -> 261 | X61: =E61+N61 -> 334 | Y61: =F61+O61 -> 3592 | Z61: =G61+P61 -> 9 | AA61: =H61+Q61 -> 51 | AB61: =I61+R61 -> 1673 | AC61: =J61+S61 -> 8236 | AD61: =K61+T61 -> 1243 | AE61: =L61+U61 -> 7 | AF61: =SUM(W61:AE61) -> 15406
B62: JUMLAH SEWILAYAH BANTEN | D62: =SUM(D53:D61) -> 153 | E62: =SUM(E53:E61) -> 218 | F62: =SUM(F53:F61) -> 3591 | G62: =SUM(G53:G61) -> 65 | H62: =SUM(H53:H61) -> 544 | I62: =SUM(I53:I61) -> 4660 | J62: =SUM(J53:J61) -> 38861 | K62: =SUM(K53:K61) -> 9840 | ... V62: =SUM(V53:V61) -> 113550 | W62: =D62+M62 -> 691 | X62: =E62+N62 -> 583 | Y62: =F62+O62 -> 12817 | Z62: =G62+P62 -> 68 | AA62: =H62+Q62 -> 549 | AB62: =I62+R62 -> 9296 | AC62: =J62+S62 -> 78191 | AD62: =K62+T62 -> 11188 | AE62: =L62+U62 -> 167 | AF62: =SUM(W62:AE62) -> 113550
A63: JUMLAH INSTANSI DAERAH | D63: =D52+D62 -> 931 | E63: =E52+E62 -> 1516 | F63: =F52+F62 -> 21865 | G63: =G52+G62 -> 255 | H63: =H52+H62 -> 1912 | I63: =I52+I62 -> 24714 | J63: =J52+J62 -> 177211 | K63: =K52+K62 -> 39933 | ... V63: =V52+V62 -> 492294 | W63: =D63+M63 -> 2955 | X63: =E63+N63 -> 2840 | Y63: =F63+O63 -> 45935 | Z63: =G63+P63 -> 258 | AA63: =H63+Q63 -> 1939 | AB63: =I63+R63 -> 46466 | AC63: =J63+S63 -> 346526 | AD63: =K63+T63 -> 44701 | AE63: =L63+U63 -> 674 | AF63: =SUM(W63:AE63) -> 492294
A64: JUMLAH se-WILAYAH KERJA KANTOR REGIONAL | D64: =D23+D63 -> 1001 | E64: =E23+E63 -> 1689 | F64: =F23+F63 -> 27432 | G64: =G23+G63 -> 972 | H64: =H23+H63 -> 2132 | I64: =I23+I63 -> 26737 | J64: =J23+J63 -> 201911 | K64: =K23+K63 -> 47444 | ... V64: =V23+V63 -> 537171 | W64: =D64+M64 -> 3026 | X64: =E64+N64 -> 3017 | Y64: =F64+O64 -> 51548 | Z64: =G64+P64 -> 975 | AA64: =H64+Q64 -> 2159 | AB64: =I64+R64 -> 49807 | AC64: =J64+S64 -> 372685 | AD64: =K64+T64 -> 52328 | AE64: =L64+U64 -> 1626 | AF64: =SUM(W64:AE64) -> 537171

Sheet USIA ASN
A1: ASN OKTOBER 2025
A2: berdasarkan Usia ASN
A3: keadaan data pada tanggal : 2 November 2025
A5: JENIS | B5: KODE | C5: INSTANSI | D5: PNS | H5: PPPK | L5: JUMLAH | M5: ASN
D6: <= 31 | E6: 31-40 | F6: 41-50 | G6: >= 51 | H6: <= 31 | I6: 31-40 | J6: 41-50 | K6: >= 51 | M6: <= 31 | N6: 31-40 | O6: 41-50 | P6: >= 51 | Q6: JML
A7: INSTANSI PUSAT | B7: 3003 | C7: Kementerian Pertahanan | D7: 5 | E7: 76 | F7: 348 | G7: 1234 | H7: 74 | I7: 589 | J7: 475 | K7: 5 | L7: =SUM(D7:K7) -> 2806 | M7: =D7+H7 -> 79 | N7: =E7+I7 -> 665 | O7: =F7+J7 -> 823 | P7: =G7+K7 -> 1239 | Q7: =SUM(M7:P7) -> 2806
B8: 3005 | C8: Kementerian Keuangan | D8: 838 | E8: 871 | F8: 757 | G8: 547 | H8: 0 | I8: 0 | J8: 0 | K8: 0 | L8: =SUM(D8:K8) -> 3013 | M8: =D8+H8 -> 838 | N8: =E8+I8 -> 871 | O8: =F8+J8 -> 757 | P8: =G8+K8 -> 547 | Q8: =SUM(M8:P8) -> 3013
B9: 3006 | C9: Kementerian Pertanian | D9: 167 | E9: 334 | F9: 589 | G9: 532 | H9: 0 | I9: 0 | J9: 0 | K9: 0 | L9: =SUM(D9:K9) -> 1622 | M9: =D9+H9 -> 167 | N9: =E9+I9 -> 334 | O9: =F9+J9 -> 589 | P9: =G9+K9 -> 532 | Q9: =SUM(M9:P9) -> 1622
B10: 3012 | C10: Kementerian Agama | D10: 366 | E10: 2075 | F10: 8507 | G10: 14419 | H10: 2 | I10: 48 | J10: 402 | K10: 287 | L10: =SUM(D10:K10) -> 26106 | M10: =D10+H10 -> 368 | N10: =E10+I10 -> 2123 | O10: =F10+J10 -> 8909 | P10: =G10+K10 -> 14706 | Q10: =SUM(M10:P10) -> 26106
B11: 3023 | C11: Kementerian Hak Asasi Manusia | D11: 4 | E11: 14 | F11: 12 | G11: 2 | H11: 0 | I11: 0 | J11: 0 | K11: 0 | L11: =SUM(D11:K11) -> 32 | M11: =D11+H11 -> 4 | N11: =E11+I11 -> 14 | O11: =F11+J11 -> 12 | P11: =G11+K11 -> 2 | Q11: =SUM(M11:P11) -> 32
B12: 3024 | C12: Kementerian Imigrasi dan Pemasyarakatan | D12: 1211 | E12: 1317 | F12: 714 | G12: 415 | H12: 0 | I12: 0 | J12: 0 | K12: 0 | L12: =SUM(D12:K12) -> 3657 | M12: =D12+H12 -> 1211 | N12: =E12+I12 -> 1317 | O12: =F12+J12 -> 714 | P12: =G12+K12 -> 415 | Q12: =SUM(M12:P12) -> 3657
B13: 3038 | C13: Kementerian Hukum | D13: 45 | E13: 66 | F13: 70 | G13: 19 | H13: 0 | I13: 0 | J13: 0 | K13: 0 | L13: =SUM(D13:K13) -> 200 | M13: =D13+H13 -> 45 | N13: =E13+I13 -> 66 | O13: =F13+J13 -> 70 | P13: =G13+K13 -> 19 | Q13: =SUM(M13:P13) -> 200
B14: 4002 | C14: Kejaksaan Agung | D14: 2 | E14: 20 | F14: 23 | G14: 18 | H14: 0 | I14: 0 | J14: 0 | K14: 0 | L14: =SUM(D14:K14) -> 63 | M14: =D14+H14 -> 2 | N14: =E14+I14 -> 20 | O14: =F14+J14 -> 23 | P14: =G14+K14 -> 18 | Q14: =SUM(M14:P14) -> 63
B15: 4007 | C15: Mahkamah Agung RI | D15: 312 | E15: 579 | F15: 660 | G15: 813 | H15: 1 | I15: 2 | J15: 1 | K15: 0 | L15: =SUM(D15:K15) -> 2368 | M15: =D15+H15 -> 313 | N15: =E15+I15 -> 581 | O15: =F15+J15 -> 661 | P15: =G15+K15 -> 813 | Q15: =SUM(M15:P15) -> 2368
B16: 4008 | C16: Badan Pemeriksa Keuangan | D16: 8 | E16: 73 | F16: 112 | G16: 46 | H16: 0 | I16: 0 | J16: 0 | K16: 0 | L16: =SUM(D16:K16) -> 239 | M16: =D16+H16 -> 8 | N16: =E16+I16 -> 73 | O16: =F16+J16 -> 112 | P16: =G16+K16 -> 46 | Q16: =SUM(M16:P16) -> 239
B17: 4016 | C17: Badan Pusat Statistik | D17: 119 | E17: 416 | F17: 399 | G17: 345 | H17: 1 | I17: 4 | J17: 1 | K17: 1 | L17: =SUM(D17:K17) -> 1286 | M17: =D17+H17 -> 120 | N17: =E17+I17 -> 420 | O17: =F17+J17 -> 400 | P17: =G17+K17 -> 346 | Q17: =SUM(M17:P17) -> 1286
B18: 4020 | C18: Kementerian Kependudukan Dan Pembangunan Keluarga/Badan Kependudukan Dan Keluarga Berencana Nasional | D18: 58 | E18: 115 | F18: 219 | G18: 303 | H18: 88 | I18: 610 | J18: 305 | K18: 48 | L18: =SUM(D18:K18) -> 1746 | M18: =D18+H18 -> 146 | N18: =E18+I18 -> 725 | O18: =F18+J18 -> 524 | P18: =G18+K18 -> 351 | Q18: =SUM(M18:P18) -> 1746
B19: 4023 | C19: Badan Pengawasan Keuangan dan Pembangunan | D19: 24 | E19: 67 | F19: 18 | G19: 104 | H19: 0 | I19: 0 | J19: 0 | K19: 0 | L19: =SUM(D19:K19) -> 213 | M19: =D19+H19 -> 24 | N19: =E19+I19 -> 67 | O19: =F19+J19 -> 18 | P19: =G19+K19 -> 104 | Q19: =SUM(M19:P19) -> 213
... B22: 4071 | C22: Badan Karantina Indonesia | D22: 21 | E22: 116 | F22: 206 | G22: 52 | H22: 0 | I22: 0 | J22: 0 | K22: 0 | L22: =SUM(D22:K22) -> 395 | M22: =D22+H22 -> 21 | N22: =E22+I22 -> 116 | O22: =F22+J22 -> 206 | P22: =G22+K22 -> 52 | Q22: =SUM(M22:P22) -> 395
A23: JUMLAH INSTANSI PUSAT | D23: =SUM(D7:D22) -> 3225 | E23: =SUM(E7:E22) -> 6283 | F23: =SUM(F7:F22) -> 13062 | G23: =SUM(G7:G22) -> 19363 | H23: =SUM(H7:H22) -> 166 | I23: =SUM(I7:I22) -> 1253 | J23: =SUM(J7:J22) -> 1184 | K23: =SUM(K7:K22) -> 341 | L23: =SUM(L7:L22) -> 44877 | M23: =D23+H23 -> 3391 | N23: =E23+I23 -> 7536 | O23: =F23+J23 -> 14246 | P23: =G23+K23 -> 19704 | Q23: =SUM(M23:P23) -> 44877
A24: INSTANSI DAERAH | B24: 6100 | C24: Pemerintah Provinsi Jawa Barat | D24: 1838 | E24: 3850 | F24: 9323 | G24: 11763 | H24: 3013 | I24: 12893 | J24: 7699 | K24: 2093 | L24: =SUM(D24:K24) -> 52472 | M24: =D24+H24 -> 4851 | N24: =E24+I24 -> 16743 | O24: =F24+J24 -> 17022 | P24: =G24+K24 -> 13856 | Q24: =SUM(M24:P24) -> 52472
B25: 6101 | C25: Pemerintah Kab. Bogor | D25: 830 | E25: 2090 | F25: 3627 | G25: 5343 | H25: 2445 | I25: 6393 | J25: 3962 | K25: 1172 | L25: =SUM(D25:K25) -> 25862 | M25: =D25+H25 -> 3275 | N25: =E25+I25 -> 8483 | O25: =F25+J25 -> 7589 | P25: =G25+K25 -> 6515 | Q25: =SUM(M25:P25) -> 25862
B26: 6102 | C26: Pemerintah Kab. Sukabumi | D26: 282 | E26: 920 | F26: 2759 | G26: 3976 | H26: 612 | I26: 2388 | J26: 1674 | K26: 460 | L26: =SUM(D26:K26) -> 13071 | M26: =D26+H26 -> 894 | N26: =E26+I26 -> 3308 | O26: =F26+J26 -> 4433 | P26: =G26+K26 -> 4436 | Q26: =SUM(M26:P26) -> 13071
B27: 6103 | C27: Pemerintah Kab. Cianjur | D27: 143 | E27: 667 | F27: 2310 | G27: 4192 | H27: 1015 | I27: 3720 | J27: 2678 | K27: 727 | L27: =SUM(D27:K27) -> 15452 | M27: =D27+H27 -> 1158 | N27: =E27+I27 -> 4387 | O27: =F27+J27 -> 4988 | P27: =G27+K27 -> 4919 | Q27: =SUM(M27:P27) -> 15452
B28: 6104 | C28: Pemerintah Kab. Bekasi | D28: 291 | E28: 1263 | F28: 3548 | G28: 3943 | H28: 2539 | I28: 6321 | J28: 3439 | K28: 1115 | L28: =SUM(D28:K28) -> 22459 | M28: =D28+H28 -> 2830 | N28: =E28+I28 -> 7584 | O28: =F28+J28 -> 6987 | P28: =G28+K28 -> 5058 | Q28: =SUM(M28:P28) -> 22459
B29: 6105 | C29: Pemerintah Kab. Karawang | D29: 558 | E29: 1320 | F29: 2027 | G29: 3774 | H29: 814 | I29: 2627 | J29: 1695 | K29: 605 | L29: =SUM(D29:K29) -> 13420 | M29: =D29+H29 -> 1372 | N29: =E29+I29 -> 3947 | O29: =F29+J29 -> 3722 | P29: =G29+K29 -> 4379 | Q29: =SUM(M29:P29) -> 13420
B30: 6106 | C30: Pemerintah Kab. Purwakarta | D30: 348 | E30: 881 | F30: 2152 | G30: 2358 | H30: 368 | I30: 1083 | J30: 647 | K30: 170 | L30: =SUM(D30:K30) -> 8007 | M30: =D30+H30 -> 716 | N30: =E30+I30 -> 1964 | O30: =F30+J30 -> 2799 | P30: =G30+K30 -> 2528 | Q30: =SUM(M30:P30) -> 8007
B31: 6107 | C31: Pemerintah Kab. Subang | D31: 272 | E31: 1007 | F31: 3145 | G31: 3705 | H31: 545 | I31: 1667 | J31: 1304 | K31: 588 | L31: =SUM(D31:K31) -> 12233 | M31: =D31+H31 -> 817 | N31: =E31+I31 -> 2674 | O31: =F31+J31 -> 4449 | P31: =G31+K31 -> 4293 | Q31: =SUM(M31:P31) -> 12233
B32: 6108 | C32: Pemerintah Kab. Bandung | D32: 676 | E32: 1334 | F32: 2605 | G32: 5679 | H32: 1729 | I32: 3541 | J32: 2538 | K32: 1056 | L32: =SUM(D32:K32) -> 19158 | M32: =D32+H32 -> 2405 | N32: =E32+I32 -> 4875 | O32: =F32+J32 -> 5143 | P32: =G32+K32 -> 6735 | Q32: =SUM(M32:P32) -> 19158
B33: 6109 | C33: Pemerintah Kab. Sumedang | D33: 370 | E33: 949 | F33: 1834 | G33: 3380 | H33: 548 | I33: 1454 | J33: 964 | K33: 471 | L33: =SUM(D33:K33) -> 9970 | M33: =D33+H33 -> 918 | N33: =E33+I33 -> 2403 | O33: =F33+J33 -> 2798 | P33: =G33+K33 -> 3851 | Q33: =SUM(M33:P33) -> 9970
B34: 6110 | C34: Pemerintah Kab. Garut | D34: 484 | E34: 1530 | F34: 3142 | G34: 5019 | H34: 1086 | I34: 4486 | J34: 3352 | K34: 1055 | L34: =SUM(D34:K34) -> 20154 | M34: =D34+H34 -> 1570 | N34: =E34+I34 -> 6016 | O34: =F34+J34 -> 6494 | P34: =G34+K34 -> 6074 | Q34: =SUM(M34:P34) -> 20154
B35: 6111 | C35: Pemerintah Kab. Tasikmalaya | D35: 310 | E35: 1446 | F35: 2190 | G35: 3621 | H35: 717 | I35: 2296 | J35: 1374 | K35: 457 | L35: =SUM(D35:K35) -> 12411 | M35: =D35+H35 -> 1027 | N35: =E35+I35 -> 3742 | O35: =F35+J35 -> 3564 | P35: =G35+K35 -> 4078 | Q35: =SUM(M35:P35) -> 12411
B36: 6112 | C36: Pemerintah Kab. Ciamis | D36: 353 | E36: 844 | F36: 1725 | G36: 2928 | H36: 648 | I36: 2185 | J36: 890 | K36: 299 | L36: =SUM(D36:K36) -> 9872 | M36: =D36+H36 -> 1001 | N36: =E36+I36 -> 3029 | O36: =F36+J36 -> 2615 | P36: =G36+K36 -> 3227 | Q36: =SUM(M36:P36) -> 9872
... B51: 6179 | C51: Pemerintah Kota Banjar | D51: 295 | E51: 675 | F51: 994 | G51: 647 | H51: 390 | I51: 1069 | J51: 622 | K51: 169 | L51: =SUM(D51:K51) -> 4861 | M51: =D51+H51 -> 685 | N51: =E51+I51 -> 1744 | O51: =F51+J51 -> 1616 | P51: =G51+K51 -> 816 | Q51: =SUM(M51:P51) -> 4861
B52: JUMLAH SEWILAYAH JAWA BARAT | D52: =SUM(D24:D51) -> 11965 | E52: =SUM(E24:E51) -> 32322 | F52: =SUM(F24:F51) -> 69851 | G52: =SUM(G24:G51) -> 96773 | H52: =SUM(H24:H51) -> 26247 | I52: =SUM(I24:I51) -> 77131 | J52: =SUM(J24:J51) -> 49294 | K52: =SUM(K24:K51) -> 15161 | L52: =SUM(L24:L51) -> 378744 | M52: =D52+H52 -> 38212 | N52: =E52+I52 -> 109453 | O52: =F52+J52 -> 119145 | P52: =G52+K52 -> 111934 | Q52: =SUM(M52:P52) -> 378744
B53: 6200 | C53: Pemerintah Provinsi Banten | D53: 174 | E53: 1077 | F53: 3807 | G53: 3222 | H53: 2380 | I53: 6214 | J53: 3868 | K53: 913 | L53: =SUM(D53:K53) -> 21655 | M53: =D53+H53 -> 2554 | N53: =E53+I53 -> 7291 | O53: =F53+J53 -> 7675 | P53: =G53+K53 -> 4135 | Q53: =SUM(M53:P53) -> 21655
B54: 6201 | C54: Pemerintah Kab. Serang | D54: 291 | E54: 1189 | F54: 2940 | G54: 3118 | H54: 260 | I54: 1101 | J54: 1084 | K54: 188 | L54: =SUM(D54:K54) -> 10171 | M54: =D54+H54 -> 551 | N54: =E54+I54 -> 2290 | O54: =F54+J54 -> 4024 | P54: =G54+K54 -> 3306 | Q54: =SUM(M54:P54) -> 10171
B55: 6202 | C55: Pemerintah Kab. Pandeglang | D55: 277 | E55: 989 | F55: 2660 | G55: 3469 | H55: 463 | I55: 2398 | J55: 2022 | K55: 357 | L55: =SUM(D55:K55) -> 12635 | M55: =D55+H55 -> 740 | N55: =E55+I55 -> 3387 | O55: =F55+J55 -> 4682 | P55: =G55+K55 -> 3826 | Q55: =SUM(M55:P55) -> 12635
B56: 6203 | C56: Pemerintah Kab. Lebak | D56: 263 | E56: 1094 | F56: 2701 | G56: 3103 | H56: 684 | I56: 2762 | J56: 1451 | K56: 326 | L56: =SUM(D56:K56) -> 12384 | M56: =D56+H56 -> 947 | N56: =E56+I56 -> 3856 | O56: =F56+J56 -> 4152 | P56: =G56+K56 -> 3429 | Q56: =SUM(M56:P56) -> 12384
B57: 6204 | C57: Pemerintah Kab. Tangerang | D57: 918 | E57: 1620 | F57: 3071 | G57: 3736 | H57: 552 | I57: 2458 | J57: 2831 | K57: 674 | L57: =SUM(D57:K57) -> 15860 | M57: =D57+H57 -> 1470 | N57: =E57+I57 -> 4078 | O57: =F57+J57 -> 5902 | P57: =G57+K57 -> 4410 | Q57: =SUM(M57:P57) -> 15860
B58: 6271 | C58: Pemerintah Kota Tangerang | D58: 240 | E58: 947 | F58: 2195 | G58: 2753 | H58: 1577 | I58: 3078 | J58: 2314 | K58: 626 | L58: =SUM(D58:K58) -> 13730 | M58: =D58+H58 -> 1817 | N58: =E58+I58 -> 4025 | O58: =F58+J58 -> 4509 | P58: =G58+K58 -> 3379 | Q58: =SUM(M58:P58) -> 13730
B59: 6272 | C59: Pemerintah Kota Cilegon | D59: 130 | E59: 738 | F59: 1906 | G59: 1470 | H59: 266 | I59: 751 | J59: 490 | K59: 111 | L59: =SUM(D59:K59) -> 5862 | M59: =D59+H59 -> 396 | N59: =E59+I59 -> 1489 | O59: =F59+J59 -> 2396 | P59: =G59+K59 -> 1581 | Q59: =SUM(M59:P59) -> 5862
B60: 6273 | C60: Pemerintah Kota Serang | D60: 576 | E60: 818 | F60: 1217 | G60: 1280 | H60: 389 | I60: 949 | J60: 507 | K60: 111 | L60: =SUM(D60:K60) -> 5847 | M60: =D60+H60 -> 965 | N60: =E60+I60 -> 1767 | O60: =F60+J60 -> 1724 | P60: =G60+K60 -> 1391 | Q60: =SUM(M60:P60) -> 5847
B61: 6274 | C61: Pemerintah Kota Tangerang Selatan | D61: 229 | E61: 821 | F61: 1435 | G61: 1624 | H61: 2265 | I61: 4939 | J61: 3137 | K61: 956 | L61: =SUM(D61:K61) -> 15406 | M61: =D61+H61 -> 2494 | N61: =E61+I61 -> 5760 | O61: =F61+J61 -> 4572 | P61: =G61+K61 -> 2580 | Q61: =SUM(M61:P61) -> 15406
B62: JUMLAH SEWILAYAH BANTEN | D62: =SUM(D53:D61) -> 3098 | E62: =SUM(E53:E61) -> 9293 | F62: =SUM(F53:F61) -> 21932 | G62: =SUM(G53:G61) -> 23775 | H62: =SUM(H53:H61) -> 8836 | I62: =SUM(I53:I61) -> 24650 | J62: =SUM(J53:J61) -> 17704 | K62: =SUM(K53:K61) -> 4262 | L62: =SUM(L53:L61) -> 113550 | M62: =D62+H62 -> 11934 | N62: =E62+I62 -> 33943 | O62: =F62+J62 -> 39636 | P62: =G62+K62 -> 28037 | Q62: =SUM(M62:P62) -> 113550
A63: JUMLAH INSTANSI DAERAH | D63: =D52+D62 -> 15063 | E63: =E52+E62 -> 41615 | F63: =F52+F62 -> 91783 | G63: =G52+G62 -> 120548 | H63: =H52+H62 -> 35083 | I63: =I52+I62 -> 101781 | J63: =J52+J62 -> 66998 | K63: =K52+K62 -> 19423 | L63: =L52+L62 -> 492294 | M63: =D63+H63 -> 50146 | N63: =E63+I63 -> 143396 | O63: =F63+J63 -> 158781 | P63: =G63+K63 -> 139971 | Q63: =SUM(M63:P63) -> 492294
A64: JUMLAH se-WILAYAH KERJA KANTOR REGIONAL | D64: =D23+D63 -> 18288 | E64: =E23+E63 -> 47898 | F64: =F23+F63 -> 104845 | G64: =G23+G63 -> 139911 | H64: =H23+H63 -> 35249 | I64: =I23+I63 -> 103034 | J64: =J23+J63 -> 68182 | K64: =K23+K63 -> 19764 | L64: =L23+L63 -> 537171 | M64: =D64+H64 -> 53537 | N64: =E64+I64 -> 150932 | O64: =F64+J64 -> 173027 | P64: =G64+K64 -> 159675 | Q64: =SUM(M64:P64) -> 537171

Sheet KEL JABATAN FIX
A1: JENIS | B1: KODE | C1: INSTANSI | D1: PNS | M1: PPPK | X1: Jumlah
D2: JPT Madya PNS | E2: JPT Pratama PNS | F2: Administrator PNS | G2: Pengawas PNS | H2: Eselon V PNS | I2: JF Guru PNS | J2: JF Nakes PNS | K2: JF Teknis PNS | L2: Pelaksana PNS | M2: JPT Madya PPPK | N2: JPT Pratama PPPK | O2: Administrator PPPK | P2: Pengawas PPPK | Q2: Eselon V PPPK | R2: Struktural Kosong PPPK | S2: JF Guru PPPK | T2: JF Nakes PPPK | U2: JF Teknis PPPK | V2: JF Kosong PPPK | W2: Pelaksana PPPK | Y2: STRUTURAL GAB | Z2: % | AA2: JF GAB | AB2: % | AC2: PELAKSANA GAB
A3: INSTANSI PUSAT | B3: 3003 | C3: Kementerian Pertahanan | D3: 0 | E3: 0 | F3: 9 | G3: 96 | H3: 0 | I3: 0 | J3: 19 | K3: 3 | L3: 1535 | M3: 0 | N3: 0 | O3: 0 | P3: 0 | Q3: 0 | R3: 0 | S3: 0 | T3: 115 | U3: 0 | V3: 0 | W3: 1028 | X3: =SUM(D3:W3) -> 2805 | AC3: =L3+W3 -> 2563
B4: 3005 | C4: Kementerian Keuangan | D4: 0 | E4: 3 | F4: 4 | G4: 60 | H4: 0 | I4: 0 | J4: 0 | K4: 825 | L4: 2121 | M4: 0 | N4: 0 | O4: 0 | P4: 0 | Q4: 0 | R4: 0 | S4: 0 | T4: 0 | U4: 0 | V4: 0 | W4: 0 | X4: =SUM(D4:W4) -> 3013 | AC4: =L4+W4 -> 2121
B5: 3006 | C5: Kementerian Pertanian | D5: 0 | E5: 12 | F5: 26 | G5: 9 | H5: 0 | I5: 0 | J5: 2 | K5: 988 | L5: 585 | M5: 0 | N5: 0 | O5: 0 | P5: 0 | Q5: 0 | R5: 0 | S5: 0 | T5: 0 | U5: 0 | V5: 0 | W5: 0 | X5: =SUM(D5:W5) -> 1622 | AC5: =L5+W5 -> 585
B6: 3012 | C6: Kementerian Agama | D6: 0 | E6: 8 | F6: 55 | G6: 288 | H6: 189 | I6: 16530 | J6: 0 | K6: 5111 | L6: 3150 | M6: 0 | N6: 0 | O6: 0 | P6: 0 | Q6: 0 | R6: 0 | S6: 0 | T6: 0 | U6: 21 | V6: 0 | W6: 718 | X6: =SUM(D6:W6) -> 26070 | AC6: =L6+W6 -> 3868
B7: 3024 | C7: Kementerian Imigrasi dan Pemasyarakatan | D7: 0 | E7: 6 | F7: 70 | G7: 167 | H7: 268 | I7: 0 | J7: 117 | K7: 636 | L7: 2377 | M7: 0 | N7: 0 | O7: 0 | P7: 0 | Q7: 0 | R7: 0 | S7: 0 | T7: 0 | U7: 0 | V7: 0 | W7: 0 | X7: =SUM(D7:W7) -> 3641 | AC7: =L7+W7 -> 2377
B8: 3038 | C8: Kementerian Hukum | D8: 0 | E8: 6 | F8: 4 | G8: 0 | H8: 0 | I8: 0 | J8: 1 | K8: 118 | L8: 69 | M8: 0 | N8: 0 | O8: 0 | P8: 0 | Q8: 0 | R8: 0 | S8: 0 | T8: 0 | U8: 0 | V8: 0 | W8: 0 | X8: =SUM(D8:W8) -> 198 | AC8: =L8+W8 -> 69
B9: 4002 | C9: Kejaksaan Agung | D9: 0 | E9: 0 | F9: 0 | G9: 1 | H9: 1 | I9: 0 | J9: 0 | K9: 54 | L9: 6 | M9: 0 | N9: 0 | O9: 0 | P9: 0 | Q9: 0 | R9: 0 | S9: 0 | T9: 0 | U9: 0 | V9: 0 | W9: 0 | X9: =SUM(D9:W9) -> 62 | AC9: =L9+W9 -> 6
B10: 4007 | C10: Mahkamah Agung RI | D10: 1 | E10: 62 | F10: 80 | G10: 366 | H10: 9 | I10: 0 | J10: 0 | K10: 139 | L10: 1702 | M10: 0 | N10: 0 | O10: 0 | P10: 0 | Q10: 0 | R10: 0 | S10: 0 | T10: 0 | U10: 0 | V10: 0 | W10: 4 | X10: =SUM(D10:W10) -> 2363 | AC10: =L10+W10 -> 1706
B11: 4008 | C11: Badan Pemeriksa Keuangan | D11: 0 | E11: 2 | F11: 4 | G11: 12 | H11: 0 | I11: 0 | J11: 0 | K11: 171 | L11: 50 | M11: 0 | N11: 0 | O11: 0 | P11: 0 | Q11: 0 | R11: 0 | S11: 0 | T11: 0 | U11: 0 | V11: 0 | W11: 0 | X11: =SUM(D11:W11) -> 239 | AC11: =L11+W11 -> 50
B12: 4016 | C12: Badan Pusat Statistik | D12: 0 | E12: 0 | F12: 27 | G12: 39 | H12: 0 | I12: 0 | J12: 0 | K12: 1026 | L12: 185 | M12: 0 | N12: 0 | O12: 0 | P12: 0 | Q12: 0 | R12: 0 | S12: 0 | T12: 0 | U12: 2 | V12: 0 | W12: 5 | X12: =SUM(D12:W12) -> 1284 | AC12: =L12+W12 -> 190
B13: 4020 | C13: Kementerian Kependudukan Dan Pembangunan Keluarga/Badan Kependudukan Dan Keluarga Berencana Nasional | D13: 0 | E13: 2 | F13: 0 | G13: 2 | H13: 0 | I13: 1 | J13: 0 | K13: 612 | L13: 78 | M13: 0 | N13: 0 | O13: 0 | P13: 0 | Q13: 0 | R13: 0 | S13: 0 | T13: 0 | U13: 11 | V13: 0 | W13: 1040 | X13: =SUM(D13:W13) -> 1746 | AC13: =L13+W13 -> 1118
B14: 4023 | C14: Badan Pengawasan Keuangan dan Pembangunan | D14: 0 | E14: 1 | F14: 2 | G14: 1 | H14: 0 | I14: 0 | J14: 0 | K14: 176 | L14: 33 | M14: 0 | N14: 0 | O14: 0 | P14: 0 | Q14: 0 | R14: 0 | S14: 0 | T14: 0 | U14: 0 | V14: 0 | W14: 0 | X14: =SUM(D14:W14) -> 213 | AC14: =L14+W14 -> 33
B15: 4024 | C15: Kementerian Agraria dan Tata Ruang/Badan Pertanahan Nasional | D15: 0 | E15: 1 | F15: 6 | G15: 23 | H15: 0 | I15: 0 | J15: 0 | K15: 76 | L15: 99 | M15: 0 | N15: 0 | O15: 0 | P15: 0 | Q15: 0 | R15: 0 | S15: 0 | T15: 0 | U15: 0 | V15: 0 | W15: 0 | X15: =SUM(D15:W15) -> 205 | AC15: =L15+W15 -> 99
... B17: 4071 | C17: Badan Karantina Indonesia | D17: 0 | E17: 0 | F17: 3 | G17: 2 | H17: 0 | I17: 0 | J17: 250 | K17: 100 | L17: 40 | M17: 0 | N17: 0 | O17: 0 | P17: 0 | Q17: 0 | R17: 0 | S17: 0 | T17: 0 | U17: 0 | V17: 0 | W17: 0 | X17: =SUM(D17:W17) -> 395 | AC17: =L17+W17 -> 40
A18: JUMLAH INSTANSI PUSAT | D18: =SUM(D3:D17) -> 1 | E18: =SUM(E3:E17) -> 103 | F18: =SUM(F3:F17) -> 316 | G18: =SUM(G3:G17) -> 1173 | H18: =SUM(H3:H17) -> 467 | I18: =SUM(I3:I17) -> 16531 | J18: =SUM(J3:J17) -> 405 | K18: =SUM(K3:K17) -> 10038 | ... W18: =SUM(W3:W17) -> 2795 | X18: =SUM(D18:W18) -> 44781 | AC18: =L18+W18 -> 15598
A19: INSTANSI DAERAH | B19: 6100 | C19: Pemerintah Provinsi Jawa Barat | D19: 1 | E19: 50 | F19: =338+5 -> 343 | G19: =191+20 -> 211 | H19: 0 | I19: =16070+28 -> 16098 | J19: 621 | K19: 3384 | L19: 6066 | M19: 0 | N19: 0 | O19: 0 | P19: 0 | Q19: 0 | R19: 0 | S19: 21797 | T19: 947 | U19: 1110 | V19: 0 | W19: 1844 | X19: =SUM(D19:W19) -> 52472 | Y19: =SUM(D19:H19) -> 605 | Z19: =Y19/X19 -> 0.011529959 | AA19: =SUM(I19:K19,S19:V19) -> 43957 | AB19: =AA19/X19 -> 0.83772298 | AC19: =L19+W19 -> 7910 | AD19: =AC19/X19 -> 0.15074707 | AE19: =SUM(Y19,AA19,AC19) -> 52472
B20: 6101 | C20: Pemerintah Kab. Bogor | D20: 0 | E20: 38 | F20: 243 | G20: 644 | H20: 0 | I20: =4930+10 -> 4940 | J20: =2168+2 -> 2170 | K20: =1408+1 -> 1409 | L20: 2446 | M20: 0 | N20: 0 | O20: 0 | P20: 0 | Q20: 0 | R20: 0 | S20: 10920 | T20: 1074 | U20: 431 | V20: 0 | W20: 1547 | X20: =SUM(D20:W20) -> 25862 | Y20: =SUM(D20:H20) -> 925 | Z20: =Y20/X20 -> 0.035766762 | AA20: =SUM(I20:K20,S20:V20) -> 20944 | AB20: =AA20/X20 -> 0.80983683 | AC20: =L20+W20 -> 3993 | AD20: =AC20/X20 -> 0.15439641 | AE20: =SUM(Y20,AA20,AC20) -> 25862
B21: 6102 | C21: Pemerintah Kab. Sukabumi | D21: 0 | E21: 40 | F21: =266+2 -> 268 | G21: =554+3 -> 557 | H21: 1 | I21: =3532+1 -> 3533 | J21: 1071 | K21: 903 | L21: 1564 | M21: 0 | N21: 0 | O21: 0 | P21: 0 | Q21: 0 | R21: 0 | S21: 4068 | T21: 515 | U21: 401 | V21: 0 | W21: 150 | X21: =SUM(D21:W21) -> 13071 | Y21: =SUM(D21:H21) -> 866 | Z21: =Y21/X21 -> 0.066253538 | AA21: =SUM(I21:K21,S21:V21) -> 10491 | AB21: =AA21/X21 -> 0.80261648 | AC21: =L21+W21 -> 1714 | AD21: =AC21/X21 -> 0.13112998 | AE21: =SUM(Y21,AA21,AC21) -> 13071
B22: 6103 | C22: Pemerintah Kab. Cianjur | D22: 0 | E22: 33 | F22: =212+1 -> 213 | G22: =449+5 -> 454 | H22: 1 | I22: =4219+3 -> 4222 | J22: =993+1 -> 994 | K22: 527 | L22: 868 | M22: 0 | N22: 0 | O22: 0 | P22: 0 | Q22: 0 | R22: 0 | S22: 6586 | T22: 617 | U22: 432 | V22: 0 | W22: 505 | X22: =SUM(D22:W22) -> 15452 | Y22: =SUM(D22:H22) -> 701 | Z22: =Y22/X22 -> 0.045366296 | AA22: =SUM(I22:K22,S22:V22) -> 13378 | AB22: =AA22/X22 -> 0.86577789 | AC22: =L22+W22 -> 1373 | AD22: =AC22/X22 -> 0.088855812 | AE22: =SUM(Y22,AA22,AC22) -> 15452
B23: 6104 | C23: Pemerintah Kab. Bekasi | D23: 0 | E23: 34 | F23: =205+10 -> 215 | G23: =426+13 -> 439 | H23: 0 | I23: =4653+9 -> 4662 | J23: =1292+2 -> 1294 | K23: 782 | L23: 1619 | M23: 0 | N23: 0 | O23: 0 | P23: 0 | Q23: 0 | R23: 0 | S23: 6740 | T23: 568 | U23: 484 | V23: 0 | W23: 5622 | X23: =SUM(D23:W23) -> 22459 | Y23: =SUM(D23:H23) -> 688 | Z23: =Y23/X23 -> 0.030633599 | AA23: =SUM(I23:K23,S23:V23) -> 14530 | AB23: =AA23/X23 -> 0.64695668 | AC23: =L23+W23 -> 7241 | AD23: =AC23/X23 -> 0.32240972 | AE23: =SUM(Y23,AA23,AC23) -> 22459
B24: 6105 | C24: Pemerintah Kab. Karawang | D24: 0 | E24: 29 | F24: =162+10 -> 172 | G24: =385+16 -> 401 | H24: 0 | I24: =3777+3 -> 3780 | J24: 1254 | K24: 1054 | L24: 989 | M24: 0 | N24: 0 | O24: 0 | P24: 0 | Q24: 0 | R24: 0 | S24: 3990 | T24: 459 | U24: 166 | V24: 0 | W24: 1126 | X24: =SUM(D24:W24) -> 13420 | Y24: =SUM(D24:H24) -> 602 | Z24: =Y24/X24 -> 0.04485842 | AA24: =SUM(I24:K24,S24:V24) -> 10703 | AB24: =AA24/X24 -> 0.79754098 | AC24: =L24+W24 -> 2115 | AD24: =AC24/X24 -> 0.1576006 | AE24: =SUM(Y24,AA24,AC24) -> 13420
B25: 6106 | C25: Pemerintah Kab. Purwakarta | D25: 0 | E25: =25+1 -> 26 | F25: =133+7 -> 140 | G25: =293+7 -> 300 | H25: 0 | I25: =2616+2 -> 2618 | J25: 746 | K25: =715+2 -> 717 | L25: 1192 | M25: 0 | N25: 0 | O25: 0 | P25: 0 | Q25: 0 | R25: 0 | S25: 1533 | T25: 278 | U25: 196 | V25: 0 | W25: 261 | X25: =SUM(D25:W25) -> 8007 | Y25: =SUM(D25:H25) -> 466 | Z25: =Y25/X25 -> 0.058199076 | AA25: =SUM(I25:K25,S25:V25) -> 6088 | AB25: =AA25/X25 -> 0.76033471 | AC25: =L25+W25 -> 1453 | AD25: =AC25/X25 -> 0.18146622 | AE25: =SUM(Y25,AA25,AC25) -> 8007
B26: 6107 | C26: Pemerintah Kab. Subang | D26: 0 | E26: 29 | F26: 210 | G26: =499+30 -> 529 | H26: 0 | I26: =3474+1 -> 3475 | J26: 1386 | K26: 897 | L26: 1603 | M26: 0 | N26: 0 | O26: 0 | P26: 0 | Q26: 0 | R26: 0 | S26: 3426 | T26: 226 | U26: 195 | V26: 0 | W26: 257 | X26: =SUM(D26:W26) -> 12233 | Y26: =SUM(D26:H26) -> 768 | Z26: =Y26/X26 -> 0.062781002 | AA26: =SUM(I26:K26,S26:V26) -> 9605 | AB26: =AA26/X26 -> 0.78517126 | AC26: =L26+W26 -> 1860 | AD26: =AC26/X26 -> 0.15204774 | AE26: =SUM(Y26,AA26,AC26) -> 12233
B27: 6108 | C27: Pemerintah Kab. Bandung | D27: 0 | E27: =37+3 -> 40 | F27: =224+28 -> 252 | G27: =505+27 -> 532 | H27: 0 | I27: 4735 | J27: 1623 | K27: 1080 | L27: 2032 | M27: 0 | N27: 0 | O27: 0 | P27: 0 | Q27: 0 | R27: 0 | S27: 7683 | T27: 272 | U27: 288 | V27: 0 | W27: 621 | X27: =SUM(D27:W27) -> 19158 | Y27: =SUM(D27:H27) -> 824 | Z27: =Y27/X27 -> 0.043010753 | AA27: =SUM(I27:K27,S27:V27) -> 15681 | AB27: =AA27/X27 -> 0.81850924 | AC27: =L27+W27 -> 2653 | AD27: =AC27/X27 -> 0.13848001 | AE27: =SUM(Y27,AA27,AC27) -> 19158
B28: 6109 | C28: Pemerintah Kab. Sumedang | D28: 0 | E28: =31+1 -> 32 | F28: =187+2 -> 189 | G28: =383+3 -> 386 | H28: 0 | I28: =3117+2 -> 3119 | J28: 898 | K28: 701 | L28: 1208 | M28: 0 | N28: 0 | O28: 0 | P28: 0 | Q28: 0 | R28: 0 | S28: 2724 | T28: 153 | U28: 182 | V28: 0 | W28: 378 | X28: =SUM(D28:W28) -> 9970 | Y28: =SUM(D28:H28) -> 607 | Z28: =Y28/X28 -> 0.060882648 | AA28: =SUM(I28:K28,S28:V28) -> 7777 | AB28: =AA28/X28 -> 0.78004012 | AC28: =L28+W28 -> 1586 | AD28: =AC28/X28 -> 0.15907723 | AE28: =SUM(Y28,AA28,AC28) -> 9970
B29: 6110 | C29: Pemerintah Kab. Garut | D29: 0 | E29: =36+1 -> 37 | F29: =215+6 -> 221 | G29: =670+21 -> 691 | H29: 0 | I29: =4928+25 -> 4953 | J29: =1573+5 -> 1578 | K29: =1048+1 -> 1049 | L29: 1646 | M29: 0 | N29: 0 | O29: 0 | P29: 0 | Q29: 0 | R29: 0 | S29: 6428 | T29: 399 | U29: 290 | V29: 0 | W29: 2862 | X29: =SUM(D29:W29) -> 20154 | Y29: =SUM(D29:H29) -> 949 | Z29: =Y29/X29 -> 0.047087427 | AA29: =SUM(I29:K29,S29:V29) -> 14697 | AB29: =AA29/X29 -> 0.72923489 | AC29: =L29+W29 -> 4508 | AD29: =AC29/X29 -> 0.22367768 | AE29: =SUM(Y29,AA29,AC29) -> 20154
B30: 6111 | C30: Pemerintah Kab. Tasikmalaya | D30: 0 | E30: 24 | F30: 188 | G30: 428 | H30: 0 | I30: 4389 | J30: 1173 | K30: 620 | L30: 745 | M30: 0 | N30: 0 | O30: 0 | P30: 0 | Q30: 0 | R30: 0 | S30: 3469 | T30: 782 | U30: 303 | V30: 0 | W30: 290 | X30: =SUM(D30:W30) -> 12411 | Y30: =SUM(D30:H30) -> 640 | Z30: =Y30/X30 -> 0.051567158 | AA30: =SUM(I30:K30,S30:V30) -> 10736 | AB30: =AA30/X30 -> 0.86503908 | AC30: =L30+W30 -> 1035 | AD30: =AC30/X30 -> 0.083393764 | AE30: =SUM(Y30,AA30,AC30) -> 12411
B31: 6112 | C31: Pemerintah Kab. Ciamis | D31: 0 | E31: 32 | F31: =184+3 -> 187 | G31: =388+5 -> 393 | H31: 1 | I31: =2749+41 -> 2790 | J31: =966+1 -> 967 | K31: 626 | L31: 854 | M31: 0 | N31: 0 | O31: 0 | P31: 0 | Q31: 0 | R31: 0 | S31: 3088 | T31: 135 | U31: 221 | V31: 0 | W31: 578 | X31: =SUM(D31:W31) -> 9872 | Y31: =SUM(D31:H31) -> 613 | Z31: =Y31/X31 -> 0.062094814 | AA31: =SUM(I31:K31,S31:V31) -> 7827 | AB31: =AA31/X31 -> 0.79284846 | AC31: =L31+W31 -> 1432 | AD31: =AC31/X31 -> 0.14505673 | AE31: =SUM(Y31,AA31,AC31) -> 9872
B32: 6113 | C32: Pemerintah Kab. Cirebon | D32: 0 | E32: 34 | F32: =208+1 -> 209 | G32: =456+2 -> 458 | H32: 0 | I32: =4013+4 -> 4017 | J32: 1618 | K32: 932 | L32: 927 | M32: 0 | N32: 0 | O32: 0 | P32: 0 | Q32: 0 | R32: 0 | S32: 5993 | T32: 1711 | U32: 541 | V32: 0 | W32: 2033 | X32: =SUM(D32:W32) -> 18473 | Y32: =SUM(D32:H32) -> 701 | Z32: =Y32/X32 -> 0.037947274 | AA32: =SUM(I32:K32,S32:V32) -> 14812 | AB32: =AA32/X32 -> 0.80181887 | AC32: =L32+W32 -> 2960 | AD32: =AC32/X32 -> 0.16023385 | AE32: =SUM(Y32,AA32,AC32) -> 18473
B33: 6114 | C33: Pemerintah Kab. Kuningan | D33: 0 | E33: 32 | F33: =165+1 -> 166 | G33: =459+3 -> 462 | H33: 2 | I33: 3685 | J33: 1064 | K33: 773 | L33: 1477 | M33: 0 | N33: 0 | O33: 0 | P33: 0 | Q33: 0 | R33: 0 | S33: 2764 | T33: 25 | U33: 115 | V33: 0 | W33: 786 | X33: =SUM(D33:W33) -> 11351 | Y33: =SUM(D33:H33) -> 662 | Z33: =Y33/X33 -> 0.058320853 | AA33: =SUM(I33:K33,S33:V33) -> 8426 | AB33: =AA33/X33 -> 0.74231345 | AC33: =L33+W33 -> 2263 | AD33: =AC33/X33 -> 0.19936569 | AE33: =SUM(Y33,AA33,AC33) -> 11351
B34: 6115 | C34: Pemerintah Kab. Indramayu | D34: 0 | E34: =27+1 -> 28 | F34: =193+8 -> 201 | G34: =481+11 -> 492 | H34: 0 | I34: =3591+1 -> 3592 | J34: =1384+4 -> 1388 | K34: 816 | L34: 1628 | M34: 0 | N34: 0 | O34: 0 | P34: 0 | Q34: 0 | R34: 0 | S34: 2877 | T34: 215 | U34: 201 | V34: 0 | W34: 302 | X34: =SUM(D34:W34) -> 11740 | Y34: =SUM(D34:H34) -> 721 | Z34: =Y34/X34 -> 0.061413969 | AA34: =SUM(I34:K34,S34:V34) -> 9089 | AB34: =AA34/X34 -> 0.7741908 | AC34: =L34+W34 -> 1930 | AD34: =AC34/X34 -> 0.16439523 | AE34: =SUM(Y34,AA34,AC34) -> 11740
B35: 6116 | C35: Pemerintah Kab. Majalengka | D35: 0 | E35: 34 | F35: 186 | G35: =390+2 -> 392 | H35: 0 | I35: =3471+43 -> 3514 | J35: =1773+4 -> 1777 | K35: 933 | L35: 1087 | M35: 0 | N35: 0 | O35: 0 | P35: 0 | Q35: 0 | R35: 0 | S35: 3485 | T35: 71 | U35: 335 | V35: 0 | W35: 274 | X35: =SUM(D35:W35) -> 12088 | Y35: =SUM(D35:H35) -> 612 | Z35: =Y35/X35 -> 0.050628723 | AA35: =SUM(I35:K35,S35:V35) -> 10115 | AB35: =AA35/X35 -> 0.83678028 | AC35: =L35+W35 -> 1361 | AD35: =AC35/X35 -> 0.112591 | AE35: =SUM(Y35,AA35,AC35) -> 12088
B36: 6117 | C36: Pemerintah Kab. Bandung Barat | D36: 0 | E36: 33 | F36: 145 | G36: =211+1 -> 212 | H36: 2 | I36: 2735 | J36: 718 | K36: 607 | L36: 648 | M36: 0 | N36: 0 | O36: 0 | P36: 0 | Q36: 0 | R36: 0 | S36: 2615 | T36: 53 | U36: 246 | V36: 0 | W36: 459 | X36: =SUM(D36:W36) -> 8473 | Y36: =SUM(D36:H36) -> 392 | Z36: =Y36/X36 -> 0.046264605 | AA36: =SUM(I36:K36,S36:V36) -> 6974 | AB36: =AA36/X36 -> 0.82308509 | AC36: =L36+W36 -> 1107 | AD36: =AC36/X36 -> 0.1306503 | AE36: =SUM(Y36,AA36,AC36) -> 8473
B37: 6118 | C37: Pemerintah Kab. Pangandaran | D37: 0 | E37: 27 | F37: 100 | G37: 108 | H37: 0 | I37: =1158+9 -> 1167 | J37: 664 | K37: 407 | L37: 363 | M37: 0 | N37: 0 | O37: 0 | P37: 0 | Q37: 0 | R37: 0 | S37: 1480 | T37: 197 | U37: 113 | V37: 0 | W37: 50 | X37: =SUM(D37:W37) -> 4676 | Y37: =SUM(D37:H37) -> 235 | Z37: =Y37/X37 -> 0.05025663 | AA37: =SUM(I37:K37,S37:V37) -> 4028 | AB37: =AA37/X37 -> 0.86142002 | AC37: =L37+W37 -> 413 | AD37: =AC37/X37 -> 0.088323353 | AE37: =SUM(Y37,AA37,AC37) -> 4676
B38: 6171 | C38: Pemerintah Kota Bandung | D38: 0 | E38: =35+5 -> 40 | F38: =170+14 -> 184 | G38: =1068+32 -> 1100 | H38: 0 | I38: 4031 | J38: =1168+37 -> 1205 | K38: 1070 | L38: 2566 | M38: 0 | N38: 0 | O38: 0 | P38: 0 | Q38: 0 | R38: 0 | S38: 4066 | T38: 389 | U38: 478 | V38: 0 | W38: 897 | X38: =SUM(D38:W38) -> 16026 | Y38: =SUM(D38:H38) -> 1324 | Z38: =Y38/X38 -> 0.082615749 | AA38: =SUM(I38:K38,S38:V38) -> 11239 | AB38: =AA38/X38 -> 0.70129789 | AC38: =L38+W38 -> 3463 | AD38: =AC38/X38 -> 0.21608636 | AE38: =SUM(Y38,AA38,AC38) -> 16026
B39: 6172 | C39: Pemerintah Kota Bogor | D39: 0 | E39: =30+1 -> 31 | F39: =137+5 -> 142 | G39: =451+1 -> 452 | H39: 0 | I39: =1842+15 -> 1857 | J39: 667 | K39: 773 | L39: 1497 | M39: 0 | N39: 0 | O39: 0 | P39: 0 | Q39: 0 | R39: 0 | S39: 1991 | T39: 75 | U39: 112 | V39: 1 | W39: 237 | X39: =SUM(D39:W39) -> 7835 | Y39: =SUM(D39:H39) -> 625 | Z39: =Y39/X39 -> 0.079770262 | AA39: =SUM(I39:K39,S39:V39) -> 5476 | AB39: =AA39/X39 -> 0.69891512 | AC39: =L39+W39 -> 1734 | AD39: =AC39/X39 -> 0.22131461 | AE39: =SUM(Y39,AA39,AC39) -> 7835
B40: 6173 | C40: Pemerintah Kota Sukabumi | D40: 0 | E40: 31 | F40: 121 | G40: =348+6 -> 354 | H40: 0 | I40: 689 | J40: 529 | K40: 339 | L40: 723 | M40: 0 | N40: 0 | O40: 0 | P40: 0 | Q40: 0 | R40: 0 | S40: 676 | T40: 71 | U40: 33 | V40: 0 | W40: 76 | X40: =SUM(D40:W40) -> 3642 | Y40: =SUM(D40:H40) -> 506 | Z40: =Y40/X40 -> 0.13893465 | AA40: =SUM(I40:K40,S40:V40) -> 2337 | AB40: =AA40/X40 -> 0.6416804 | AC40: =L40+W40 -> 799 | AD40: =AC40/X40 -> 0.21938495 | AE40: =SUM(Y40,AA40,AC40) -> 3642
B41: 6174 | C41: Pemerintah Kota Cirebon | D41: 0 | E41: =28+1 -> 29 | F41: 102 | G41: 259 | H41: 1 | I41: 1143 | J41: 738 | K41: 631 | L41: 837 | M41: 0 | N41: 0 | O41: 0 | P41: 0 | Q41: 0 | R41: 0 | S41: 990 | T41: 150 | U41: 346 | V41: 0 | W41: 546 | X41: =SUM(D41:W41) -> 5772 | Y41: =SUM(D41:H41) -> 391 | Z41: =Y41/X41 -> 0.067740818 | AA41: =SUM(I41:K41,S41:V41) -> 3998 | AB41: =AA41/X41 -> 0.69265419 | AC41: =L41+W41 -> 1383 | AD41: =AC41/X41 -> 0.23960499 | AE41: =SUM(Y41,AA41,AC41) -> 5772
B42: 6175 | C42: Pemerintah Kota Bekasi | D42: 0 | E42: =28+7 -> 35 | F42: =150+17 -> 167 | G42: =515+9 -> 524 | H42: 0 | I42: 2906 | J42: 1096 | K42: 964 | L42: 1954 | M42: 0 | N42: 0 | O42: 0 | P42: 0 | Q42: 0 | R42: 0 | S42: 3831 | T42: 147 | U42: 168 | V42: 0 | W42: 7455 | X42: =SUM(D42:W42) -> 19247 | Y42: =SUM(D42:H42) -> 726 | Z42: =Y42/X42 -> 0.037720164 | AA42: =SUM(I42:K42,S42:V42) -> 9112 | AB42: =AA42/X42 -> 0.47342443 | AC42: =L42+W42 -> 9409 | AD42: =AC42/X42 -> 0.48885541 | AE42: =SUM(Y42,AA42,AC42) -> 19247
B43: 6176 | C43: Pemerintah Kota Depok | D43: 0 | E43: 29 | F43: =154+2 -> 156 | G43: =560+5 -> 565 | H43: 0 | I43: 1876 | J43: 668 | K43: 690 | L43: 1329 | M43: 0 | N43: 0 | O43: 0 | P43: 0 | Q43: 0 | R43: 0 | S43: 1477 | T43: 31 | U43: 63 | V43: 0 | W43: 358 | X43: =SUM(D43:W43) -> 7242 | Y43: =SUM(D43:H43) -> 750 | Z43: =Y43/X43 -> 0.10356255 | AA43: =SUM(I43:K43,S43:V43) -> 4805 | AB43: =AA43/X43 -> 0.66349075 | AC43: =L43+W43 -> 1687 | AD43: =AC43/X43 -> 0.2329467 | AE43: =SUM(Y43,AA43,AC43) -> 7242
B44: 6177 | C44: Pemerintah Kota Cimahi | D44: 0 | E44: 25 | F44: 107 | G44: 222 | H44: 0 | I44: 1091 | J44: 522 | K44: 429 | L44: 1019 | M44: 0 | N44: 0 | O44: 0 | P44: 0 | Q44: 0 | R44: 0 | S44: 1293 | T44: 58 | U44: 84 | V44: 0 | W44: 1461 | X44: =SUM(D44:W44) -> 6311 | Y44: =SUM(D44:H44) -> 354 | Z44: =Y44/X44 -> 0.056092537 | AA44: =SUM(I44:K44,S44:V44) -> 3477 | AB44: =AA44/X44 -> 0.5509428 | AC44: =L44+W44 -> 2480 | AD44: =AC44/X44 -> 0.39296466 | AE44: =SUM(Y44,AA44,AC44) -> 6311
B45: 6178 | C45: Pemerintah Kota Tasikmalaya | D45: 0 | E45: 29 | F45: =136+1 -> 137 | G45: =449+4 -> 453 | H45: 1 | I45: 1682 | J45: 1021 | K45: 568 | L45: 1110 | M45: 0 | N45: 0 | O45: 0 | P45: 0 | Q45: 0 | R45: 0 | S45: 1204 | T45: 66 | U45: 58 | V45: 0 | W45: 137 | X45: =SUM(D45:W45) -> 6466 | Y45: =SUM(D45:H45) -> 620 | Z45: =Y45/X45 -> 0.095886174 | AA45: =SUM(I45:K45,S45:V45) -> 4599 | AB45: =AA45/X45 -> 0.71125889 | AC45: =L45+W45 -> 1247 | AD45: =AC45/X45 -> 0.19285493 | AE45: =SUM(Y45,AA45,AC45) -> 6466
B46: 6179 | C46: Pemerintah Kota Banjar | D46: 0 | E46: 26 | F46: =101+3 -> 104 | G46: =159+12 -> 171 | H46: 0 | I46: 755 | J46: 458 | K46: 502 | L46: 595 | M46: 0 | N46: 0 | O46: 0 | P46: 0 | Q46: 0 | R46: 0 | S46: 469 | T46: 118 | U46: 88 | V46: 0 | W46: 1575 | X46: =SUM(D46:W46) -> 4861 | Y46: =SUM(D46:H46) -> 301 | Z46: =Y46/X46 -> 0.061921415 | AA46: =SUM(I46:K46,S46:V46) -> 2390 | AB46: =AA46/X46 -> 0.49166838 | AC46: =L46+W46 -> 2170 | AD46: =AC46/X46 -> 0.4464102 | AE46: =SUM(Y46,AA46,AC46) -> 4861
B47: JUMLAH SEWILAYAH JAWA BARAT | D47: =SUM(D19:D46) -> 1 | E47: =SUM(E19:E46) -> 907 | F47: =SUM(F19:F46) -> 5068 | G47: =SUM(G19:G46) -> 12189 | H47: =SUM(H19:H46) -> 9 | I47: =SUM(I19:I46) -> 98054 | J47: =SUM(J19:J46) -> 29908 | K47: =SUM(K19:K46) -> 24183 | ... W47: =SUM(W19:W46) -> 32687 | X47: =SUM(D47:W47) -> 378744 | Y47: =SUM(D47:H47) -> 18174 | Z47: =Y47/X47 -> 0.047984919 | AA47: =SUM(I47:K47,S47:V47) -> 287291 | AB47: =AA47/X47 -> 0.75853611 | AC47: =L47+W47 -> 73279 | AD47: =AC47/X47 -> 0.19347897 | AE47: =SUM(Y47,AA47,AC47) -> 378744
B48: 6200 | C48: Pemerintah Provinsi Banten | D48: 1 | E48: =24+1 -> 25 | F48: 174 | G48: =247+1 -> 248 | H48: 0 | I48: 4530 | J48: 194 | K48: 841 | L48: 2267 | M48: 0 | N48: 0 | O48: 0 | P48: 0 | Q48: 0 | R48: 0 | S48: 6402 | T48: 229 | U48: 152 | V48: 0 | W48: 6592 | X48: =SUM(D48:W48) -> 21655 | Y48: =SUM(D48:H48) -> 448 | Z48: =Y48/X48 -> 0.020688063 | AA48: =SUM(I48:K48,S48:V48) -> 12348 | AB48: =AA48/X48 -> 0.57021473 | AC48: =L48+W48 -> 8859 | AD48: =AC48/X48 -> 0.40909721 | AE48: =SUM(Y48,AA48,AC48) -> 21655
B49: 6201 | C49: Pemerintah Kab. Serang | D49: 0 | E49: 29 | F49: 180 | G49: =345+1 -> 346 | H49: 0 | I49: 3669 | J49: 1184 | K49: 809 | L49: 1321 | M49: 0 | N49: 0 | O49: 0 | P49: 0 | Q49: 0 | R49: 0 | S49: 2067 | T49: 290 | U49: 137 | V49: 0 | W49: 139 | X49: =SUM(D49:W49) -> 10171 | Y49: =SUM(D49:H49) -> 555 | Z49: =Y49/X49 -> 0.054566906 | AA49: =SUM(I49:K49,S49:V49) -> 8156 | AB49: =AA49/X49 -> 0.80188772 | AC49: =L49+W49 -> 1460 | AD49: =AC49/X49 -> 0.14354537 | AE49: =SUM(Y49,AA49,AC49) -> 10171
B50: 6202 | C50: Pemerintah Kab. Pandeglang | D50: 0 | E50: 33 | F50: 168 | G50: =421+3 -> 424 | H50: 0 | I50: 3990 | J50: 1069 | K50: 555 | L50: 1156 | M50: 0 | N50: 0 | O50: 0 | P50: 0 | Q50: 0 | R50: 0 | S50: 4198 | T50: 130 | U50: 103 | V50: 0 | W50: 809 | X50: =SUM(D50:W50) -> 12635 | Y50: =SUM(D50:H50) -> 625 | Z50: =Y50/X50 -> 0.04946577 | AA50: =SUM(I50:K50,S50:V50) -> 10045 | AB50: =AA50/X50 -> 0.79501385 | AC50: =L50+W50 -> 1965 | AD50: =AC50/X50 -> 0.15552038 | AE50: =SUM(Y50,AA50,AC50) -> 12635
B51: 6203 | C51: Pemerintah Kab. Lebak | D51: 0 | E51: =28+1 -> 29 | F51: =167+6 -> 173 | G51: =251+8 -> 259 | H51: 6 | I51: =4099+60 -> 4159 | J51: 990 | K51: 687 | L51: 858 | M51: 0 | N51: 0 | O51: 0 | P51: 0 | Q51: 0 | R51: 0 | S51: 3697 | T51: 365 | U51: 160 | V51: 0 | W51: 1001 | X51: =SUM(D51:W51) -> 12384 | Y51: =SUM(D51:H51) -> 467 | Z51: =Y51/X51 -> 0.037709948 | AA51: =SUM(I51:K51,S51:V51) -> 10058 | AB51: =AA51/X51 -> 0.812177 | AC51: =L51+W51 -> 1859 | AD51: =AC51/X51 -> 0.15011305 | AE51: =SUM(Y51,AA51,AC51) -> 12384
B52: 6204 | C52: Pemerintah Kab. Tangerang | D52: 0 | E52: 40 | F52: 217 | G52: =623+1 -> 624 | H52: 2 | I52: =3936 -> 3936 | J52: 1762 | K52: 1208 | L52: 1556 | M52: 0 | N52: 0 | O52: 0 | P52: 0 | Q52: 0 | R52: 0 | S52: 4930 | T52: 299 | U52: 280 | V52: 0 | W52: 1006 | X52: =SUM(D52:W52) -> 15860 | Y52: =SUM(D52:H52) -> 883 | Z52: =Y52/X52 -> 0.055674653 | AA52: =SUM(I52:K52,S52:V52) -> 12415 | AB52: =AA52/X52 -> 0.78278689 | AC52: =L52+W52 -> 2562 | AD52: =AC52/X52 -> 0.16153846 | AE52: =SUM(Y52,AA52,AC52) -> 15860
B53: 6271 | C53: Pemerintah Kota Tangerang | D53: 0 | E53: 33 | F53: =158+2 -> 160 | G53: =708+5 -> 713 | H53: 1 | I53: =2475+2 -> 2477 | J53: 715 | K53: 750 | L53: 1286 | M53: 0 | N53: 0 | O53: 0 | P53: 0 | Q53: 0 | R53: 0 | S53: 4768 | T53: 870 | U53: 349 | V53: 0 | W53: 1608 | X53: =SUM(D53:W53) -> 13730 | Y53: =SUM(D53:H53) -> 907 | Z53: =Y53/X53 -> 0.066059723 | AA53: =SUM(I53:K53,S53:V53) -> 9929 | AB53: =AA53/X53 -> 0.72316096 | AC53: =L53+W53 -> 2894 | AD53: =AC53/X53 -> 0.21077932 | AE53: =SUM(Y53,AA53,AC53) -> 13730
B54: 6272 | C54: Pemerintah Kota Cilegon | D54: 0 | E54: 30 | F54: 123 | G54: =387+4 -> 391 | H54: 0 | I54: 1465 | J54: 659 | K54: 598 | L54: 978 | M54: 0 | N54: 0 | O54: 0 | P54: 0 | Q54: 0 | R54: 0 | S54: 958 | T54: 69 | U54: 40 | V54: 0 | W54: 551 | X54: =SUM(D54:W54) -> 5862 | Y54: =SUM(D54:H54) -> 544 | Z54: =Y54/X54 -> 0.092801092 | AA54: =SUM(I54:K54,S54:V54) -> 3789 | AB54: =AA54/X54 -> 0.64636643 | AC54: =L54+W54 -> 1529 | AD54: =AC54/X54 -> 0.26083248 | AE54: =SUM(Y54,AA54,AC54) -> 5862
B55: 6273 | C55: Pemerintah Kota Serang | D55: 0 | E55: 28 | F55: 112 | G55: 462 | H55: 0 | I55: =1697+1 -> 1698 | J55: 355 | K55: 799 | L55: 437 | M55: 0 | N55: 0 | O55: 0 | P55: 0 | Q55: 0 | R55: 0 | S55: 1642 | T55: 13 | U55: 77 | V55: 0 | W55: 224 | X55: =SUM(D55:W55) -> 5847 | Y55: =SUM(D55:H55) -> 602 | Z55: =Y55/X55 -> 0.10295878 | AA55: =SUM(I55:K55,S55:V55) -> 4584 | AB55: =AA55/X55 -> 0.78399179 | AC55: =L55+W55 -> 661 | AD55: =AC55/X55 -> 0.11304943 | AE55: =SUM(Y55,AA55,AC55) -> 5847
B56: 6274 | C56: Pemerintah Kota Tangerang Selatan | D56: 0 | E56: 31 | F56: 160 | G56: 496 | H56: 0 | I56: 1697 | J56: 522 | K56: 495 | L56: 708 | M56: 0 | N56: 0 | O56: 0 | P56: 0 | Q56: 0 | R56: 0 | S56: 2697 | T56: 388 | U56: 209 | V56: 0 | W56: 8003 | X56: =SUM(D56:W56) -> 15406 | Y56: =SUM(D56:H56) -> 687 | Z56: =Y56/X56 -> 0.044593016 | AA56: =SUM(I56:K56,S56:V56) -> 6008 | AB56: =AA56/X56 -> 0.38997793 | AC56: =L56+W56 -> 8711 | AD56: =AC56/X56 -> 0.56542905 | AE56: =SUM(Y56,AA56,AC56) -> 15406
B57: JUMLAH SEWILAYAH BANTEN | D57: =SUM(D48:D56) -> 1 | E57: =SUM(E48:E56) -> 278 | F57: =SUM(F48:F56) -> 1467 | G57: =SUM(G48:G56) -> 3963 | H57: =SUM(H48:H56) -> 9 | I57: =SUM(I48:I56) -> 27621 | J57: =SUM(J48:J56) -> 7450 | K57: =SUM(K48:K56) -> 6742 | ... W57: =SUM(W48:W56) -> 19933 | X57: =SUM(D57:W57) -> 113550 | Y57: =SUM(D57:H57) -> 5718 | Z57: =Y57/X57 -> 0.050356671 | AA57: =SUM(I57:K57,S57:V57) -> 77332 | AB57: =AA57/X57 -> 0.68103919 | AC57: =L57+W57 -> 30500 | AD57: =AC57/X57 -> 0.26860414 | AE57: =SUM(Y57,AA57,AC57) -> 113550
A58: JUMLAH INSTANSI DAERAH | D58: =D47+D57 -> 2 | E58: =E47+E57 -> 1185 | F58: =F47+F57 -> 6535 | G58: =G47+G57 -> 16152 | H58: =H47+H57 -> 18 | I58: =I47+I57 -> 125675 | J58: =J47+J57 -> 37358 | K58: =K47+K57 -> 30925 | ... W58: =W47+W57 -> 52620 | X58: =SUM(D58:W58) -> 492294 | Y58: =SUM(D58:H58) -> 23892 | Z58: =Y58/X58 -> 0.048531975 | AA58: =SUM(I58:K58,S58:V58) -> 364623 | AB58: =AA58/X58 -> 0.74066107 | AC58: =L58+W58 -> 103779 | AD58: =AC58/X58 -> 0.21080696 | AE58: =SUM(Y58,AA58,AC58) -> 492294
A59: JUMLAH se-WILAYAH KERJA KANTOR REGIONAL | D59: =D18+D58 -> 3 | E59: =E18+E58 -> 1288 | F59: =F18+F58 -> 6851 | G59: =G18+G58 -> 17325 | H59: =H18+H58 -> 485 | I59: =I18+I58 -> 142206 | J59: =J18+J58 -> 37763 | K59: =K18+K58 -> 40963 | ... W59: =W18+W58 -> 55415 | X59: =SUM(D59:W59) -> 537075 | Y59: =SUM(D59:H59) -> 25952 | Z59: =Y59/X59 -> 0.048320998 | AA59: =SUM(I59:K59,S59:V59) -> 391746 | AB59: =AA59/X59 -> 0.72940651 | AC59: =L59+W59 -> 119377 | AD59: =AC59/X59 -> 0.22227249 | AE59: =SUM(Y59,AA59,AC59) -> 537075
E61: =sum(D58:H58) -> 23892 | Z61: =Z58+AB58+AD58 -> 1

Sheet GA DIPAKE JABATAN ASN
A1: ASN OKTOBER 2025
A2: berdasarkan Jabatan ASN
A3: keadaan data pada tanggal : 2 November 2025
A5: JENIS | B5: KODE | C5: INSTANSI | D5: STRUKTURAL | E5: FUNGSIONAL | F5: PELAKSANA | G5: JUMLAH | H5: %STRUKTURAL | I5: %FUNGSIONAL | J5: %PELAKSANA | K5: %JUMLAH
A7: INSTANSI PUSAT | B7: 3003 | C7: Kementerian Pertahanan | G7: =SUM(D7:F7) -> 0 | H7: =D7/G7 -> #DIV/0! | I7: =E7/G7 -> #DIV/0! | J7: =F7/G7 -> #DIV/0! | K7: =SUM(H7:J7) -> #DIV/0!
B8: 3005 | C8: Kementerian Keuangan | G8: =SUM(D8:F8) -> 0 | H8: =D8/G8 -> #DIV/0! | I8: =E8/G8 -> #DIV/0! | J8: =F8/G8 -> #DIV/0! | K8: =SUM(H8:J8) -> #DIV/0!
B9: 3006 | C9: Kementerian Pertanian | G9: =SUM(D9:F9) -> 0 | H9: =D9/G9 -> #DIV/0! | I9: =E9/G9 -> #DIV/0! | J9: =F9/G9 -> #DIV/0! | K9: =SUM(H9:J9) -> #DIV/0!
B10: 3012 | C10: Kementerian Agama | G10: =SUM(D10:F10) -> 0 | H10: =D10/G10 -> #DIV/0! | I10: =E10/G10 -> #DIV/0! | J10: =F10/G10 -> #DIV/0! | K10: =SUM(H10:J10) -> #DIV/0!
B11: 3023 | C11: Kementerian Hak Asasi Manusia | G11: =SUM(D11:F11) -> 0 | H11: =D11/G11 -> #DIV/0! | I11: =E11/G11 -> #DIV/0! | J11: =F11/G11 -> #DIV/0! | K11: =SUM(H11:J11) -> #DIV/0!
B12: 3024 | C12: Kementerian Imigrasi dan Pemasyarakatan | G12: =SUM(D12:F12) -> 0 | H12: =D12/G12 -> #DIV/0! | I12: =E12/G12 -> #DIV/0! | J12: =F12/G12 -> #DIV/0! | K12: =SUM(H12:J12) -> #DIV/0! | N12: =37+16 -> 53
B13: 3038 | C13: Kementerian Hukum | G13: =SUM(D13:F13) -> 0 | H13: =D13/G13 -> #DIV/0! | I13: =E13/G13 -> #DIV/0! | J13: =F13/G13 -> #DIV/0! | K13: =SUM(H13:J13) -> #DIV/0!
B14: 4002 | C14: Kejaksaan Agung | G14: =SUM(D14:F14) -> 0 | H14: =D14/G14 -> #DIV/0! | I14: =E14/G14 -> #DIV/0! | J14: =F14/G14 -> #DIV/0! | K14: =SUM(H14:J14) -> #DIV/0!
B15: 4007 | C15: Mahkamah Agung RI | G15: =SUM(D15:F15) -> 0 | H15: =D15/G15 -> #DIV/0! | I15: =E15/G15 -> #DIV/0! | J15: =F15/G15 -> #DIV/0! | K15: =SUM(H15:J15) -> #DIV/0!
B16: 4008 | C16: Badan Pemeriksa Keuangan | G16: =SUM(D16:F16) -> 0 | H16: =D16/G16 -> #DIV/0! | I16: =E16/G16 -> #DIV/0! | J16: =F16/G16 -> #DIV/0! | K16: =SUM(H16:J16) -> #DIV/0!
B17: 4016 | C17: Badan Pusat Statistik | G17: =SUM(D17:F17) -> 0 | H17: =D17/G17 -> #DIV/0! | I17: =E17/G17 -> #DIV/0! | J17: =F17/G17 -> #DIV/0! | K17: =SUM(H17:J17) -> #DIV/0!
B18: 4020 | C18: Kementerian Kependudukan Dan Pembangunan Keluarga/Badan Kependudukan Dan Keluarga Berencana Nasional | G18: =SUM(D18:F18) -> 0 | H18: =D18/G18 -> #DIV/0! | I18: =E18/G18 -> #DIV/0! | J18: =F18/G18 -> #DIV/0! | K18: =SUM(H18:J18) -> #DIV/0!
B19: 4023 | C19: Badan Pengawasan Keuangan dan Pembangunan | G19: =SUM(D19:F19) -> 0 | H19: =D19/G19 -> #DIV/0! | I19: =E19/G19 -> #DIV/0! | J19: =F19/G19 -> #DIV/0! | K19: =SUM(H19:J19) -> #DIV/0!
B20: 4024 | C20: Kementerian Agraria dan Tata Ruang/Badan Pertanahan Nasional | G20: =SUM(D20:F20) -> 0 | H20: =D20/G20 -> #DIV/0! | I20: =E20/G20 -> #DIV/0! | J20: =F20/G20 -> #DIV/0! | K20: =SUM(H20:J20) -> #DIV/0!
B21: 4033 | C21: Kepolisian Negara | G21: =SUM(D21:F21) -> 0 | H21: =D21/G21 -> #DIV/0! | I21: =E21/G21 -> #DIV/0! | J21: =F21/G21 -> #DIV/0! | K21: =SUM(H21:J21) -> #DIV/0!
B22: 4071 | C22: Badan Karantina Indonesia | G22: =SUM(D22:F22) -> 0 | H22: =D22/G22 -> #DIV/0! | I22: =E22/G22 -> #DIV/0! | J22: =F22/G22 -> #DIV/0! | K22: =SUM(H22:J22) -> #DIV/0!
A23: JUMLAH INSTANSI PUSAT | D23: =SUM(D7:D22) -> 0 | E23: =SUM(E7:E22) -> 0 | F23: =SUM(F7:F22) -> 0 | G23: =SUM(G7:G22) -> 0 | H23: =D23/G23 -> #DIV/0! | I23: =E23/G23 -> #DIV/0! | J23: =F23/G23 -> #DIV/0! | K23: =SUM(H23:J23) -> #DIV/0!
A24: INSTANSI DAERAH | B24: 6100 | C24: Pemerintah Provinsi Jawa Barat | H24: =D24/G24 -> #DIV/0! | I24: =E24/G24 -> #DIV/0! | J24: =F24/G24 -> #DIV/0! | K24: =SUM(H24:J24) -> #DIV/0!
B25: 6101 | C25: Pemerintah Kab. Bogor | H25: =D25/G25 -> #DIV/0! | I25: =E25/G25 -> #DIV/0! | J25: =F25/G25 -> #DIV/0! | K25: =SUM(H25:J25) -> #DIV/0!
B26: 6102 | C26: Pemerintah Kab. Sukabumi | H26: =D26/G26 -> #DIV/0! | I26: =E26/G26 -> #DIV/0! | J26: =F26/G26 -> #DIV/0! | K26: =SUM(H26:J26) -> #DIV/0!
B27: 6103 | C27: Pemerintah Kab. Cianjur | H27: =D27/G27 -> #DIV/0! | I27: =E27/G27 -> #DIV/0! | J27: =F27/G27 -> #DIV/0! | K27: =SUM(H27:J27) -> #DIV/0!
B28: 6104 | C28: Pemerintah Kab. Bekasi | H28: =D28/G28 -> #DIV/0! | I28: =E28/G28 -> #DIV/0! | J28: =F28/G28 -> #DIV/0! | K28: =SUM(H28:J28) -> #DIV/0!
B29: 6105 | C29: Pemerintah Kab. Karawang | H29: =D29/G29 -> #DIV/0! | I29: =E29/G29 -> #DIV/0! | J29: =F29/G29 -> #DIV/0! | K29: =SUM(H29:J29) -> #DIV/0!
B30: 6106 | C30: Pemerintah Kab. Purwakarta | H30: =D30/G30 -> #DIV/0! | I30: =E30/G30 -> #DIV/0! | J30: =F30/G30 -> #DIV/0! | K30: =SUM(H30:J30) -> #DIV/0!
B31: 6107 | C31: Pemerintah Kab. Subang | H31: =D31/G31 -> #DIV/0! | I31: =E31/G31 -> #DIV/0! | J31: =F31/G31 -> #DIV/0! | K31: =SUM(H31:J31) -> #DIV/0!
B32: 6108 | C32: Pemerintah Kab. Bandung | H32: =D32/G32 -> #DIV/0! | I32: =E32/G32 -> #DIV/0! | J32: =F32/G32 -> #DIV/0! | K32: =SUM(H32:J32) -> #DIV/0!
B33: 6109 | C33: Pemerintah Kab. Sumedang | H33: =D33/G33 -> #DIV/0! | I33: =E33/G33 -> #DIV/0! | J33: =F33/G33 -> #DIV/0! | K33: =SUM(H33:J33) -> #DIV/0!
B34: 6110 | C34: Pemerintah Kab. Garut | H34: =D34/G34 -> #DIV/0! | I34: =E34/G34 -> #DIV/0! | J34: =F34/G34 -> #DIV/0! | K34: =SUM(H34:J34) -> #DIV/0!
B35: 6111 | C35: Pemerintah Kab. Tasikmalaya | H35: =D35/G35 -> #DIV/0! | I35: =E35/G35 -> #DIV/0! | J35: =F35/G35 -> #DIV/0! | K35: =SUM(H35:J35) -> #DIV/0!
B36: 6112 | C36: Pemerintah Kab. Ciamis | H36: =D36/G36 -> #DIV/0! | I36: =E36/G36 -> #DIV/0! | J36: =F36/G36 -> #DIV/0! | K36: =SUM(H36:J36) -> #DIV/0!
... B51: 6179 | C51: Pemerintah Kota Banjar | H51: =D51/G51 -> #DIV/0! | I51: =E51/G51 -> #DIV/0! | J51: =F51/G51 -> #DIV/0! | K51: =SUM(H51:J51) -> #DIV/0!
B52: JUMLAH SEWILAYAH JAWA BARAT | D52: =SUM(D24:D51) -> 0 | E52: =SUM(E24:E51) -> 0 | F52: =SUM(F24:F51) -> 0 | G52: =SUM(G24:G51) -> 0 | H52: =D52/G52 -> #DIV/0! | I52: =E52/G52 -> #DIV/0! | J52: =F52/G52 -> #DIV/0! | K52: =SUM(H52:J52) -> #DIV/0!
B53: 6200 | C53: Pemerintah Provinsi Banten | H53: =D53/G53 -> #DIV/0! | I53: =E53/G53 -> #DIV/0! | J53: =F53/G53 -> #DIV/0! | K53: =SUM(H53:J53) -> #DIV/0!
B54: 6201 | C54: Pemerintah Kab. Serang | H54: =D54/G54 -> #DIV/0! | I54: =E54/G54 -> #DIV/0! | J54: =F54/G54 -> #DIV/0! | K54: =SUM(H54:J54) -> #DIV/0!
B55: 6202 | C55: Pemerintah Kab. Pandeglang | H55: =D55/G55 -> #DIV/0! | I55: =E55/G55 -> #DIV/0! | J55: =F55/G55 -> #DIV/0! | K55: =SUM(H55:J55) -> #DIV/0!
B56: 6203 | C56: Pemerintah Kab. Lebak | H56: =D56/G56 -> #DIV/0! | I56: =E56/G56 -> #DIV/0! | J56: =F56/G56 -> #DIV/0! | K56: =SUM(H56:J56) -> #DIV/0!
B57: 6204 | C57: Pemerintah Kab. Tangerang | H57: =D57/G57 -> #DIV/0! | I57: =E57/G57 -> #DIV/0! | J57: =F57/G57 -> #DIV/0! | K57: =SUM(H57:J57) -> #DIV/0!
B58: 6271 | C58: Pemerintah Kota Tangerang | H58: =D58/G58 -> #DIV/0! | I58: =E58/G58 -> #DIV/0! | J58: =F58/G58 -> #DIV/0! | K58: =SUM(H58:J58) -> #DIV/0!
B59: 6272 | C59: Pemerintah Kota Cilegon | H59: =D59/G59 -> #DIV/0! | I59: =E59/G59 -> #DIV/0! | J59: =F59/G59 -> #DIV/0! | K59: =SUM(H59:J59) -> #DIV/0!
B60: 6273 | C60: Pemerintah Kota Serang | H60: =D60/G60 -> #DIV/0! | I60: =E60/G60 -> #DIV/0! | J60: =F60/G60 -> #DIV/0! | K60: =SUM(H60:J60) -> #DIV/0!
B61: 6274 | C61: Pemerintah Kota Tangerang Selatan | H61: =D61/G61 -> #DIV/0! | I61: =E61/G61 -> #DIV/0! | J61: =F61/G61 -> #DIV/0! | K61: =SUM(H61:J61) -> #DIV/0!
B62: JUMLAH SEWILAYAH BANTEN | D62: =SUM(D53:D61) -> 0 | E62: =SUM(E53:E61) -> 0 | F62: =SUM(F53:F61) -> 0 | G62: =SUM(G53:G61) -> 0 | H62: =D62/G62 -> #DIV/0! | I62: =E62/G62 -> #DIV/0! | J62: =F62/G62 -> #DIV/0! | K62: =SUM(H62:J62) -> #DIV/0!
A63: JUMLAH INSTANSI DAERAH | D63: =D52+D62 -> 0 | E63: =E52+E62 -> 0 | F63: =F52+F62 -> 0 | G63: =G52+G62 -> 0 | H63: =D63/G63 -> #DIV/0! | I63: =E63/G63 -> #DIV/0! | J63: =F63/G63 -> #DIV/0! | K63: =SUM(H63:J63) -> #DIV/0!
A64: JUMLAH se-WILAYAH KERJA KANTOR REGIONAL | D64: =D23+D63 -> 0 | E64: =E23+E63 -> 0 | F64: =F23+F63 -> 0 | G64: =G23+G63 -> 0 | H64: =D64/G64 -> #DIV/0! | I64: =E64/G64 -> #DIV/0! | J64: =F64/G64 -> #DIV/0! | K64: =SUM(H64:J64) -> #DIV/0!

Sheet GEN ASN
A1: ASN OKTOBER 2025
A2: berdasarkan Generasi ASN
A3: keadaan data pada tanggal : 2 November 2025
A5: JENIS | B5: KODE | C5: INSTANSI | D5: Baby Boomer (1946-1964) | E5: Gen X (1965-1980) | F5: Gen Y (1981-1995) | G5: Gen Z (1996-2010) | H5: Jumlah | I5: %Baby Boomer | J5: %Gen X | K5: %Gen Y | L5: %Gen Z | M5: %Jumlah
A6: INSTANSI PUSAT | B6: 3003 | C6: Kementerian Pertahanan | D6: 8 | E6: 1627 | F6: 1113 | G6: 58 | H6: =sum(D6:G6) -> 2806 | I6: =D6/H6 -> 0.0028510335 | J6: =E6/H6 -> 0.57982894 | K6: =F6/H6 -> 0.39665004 | L6: =G6/H6 -> 0.020669993 | M6: =SUM(I6:L6) -> 1
B7: 3005 | C7: Kementerian Keuangan | D7: 4 | E7: 1067 | F7: 1246 | G7: 696 | H7: =sum(D7:G7) -> 3013 | I7: =D7/H7 -> 0.0013275805 | J7: =E7/H7 -> 0.35413209 | K7: =F7/H7 -> 0.41354132 | L7: =G7/H7 -> 0.230999 | M7: =SUM(I7:L7) -> 1
B8: 3006 | C8: Kementerian Pertanian | D8: 30 | E8: 905 | F8: 550 | G8: 137 | H8: =sum(D8:G8) -> 1622 | I8: =D8/H8 -> 0.018495684 | J8: =E8/H8 -> 0.55795314 | K8: =F8/H8 -> 0.33908755 | L8: =G8/H8 -> 0.084463625 | M8: =SUM(I8:L8) -> 1
B9: 3012 | C9: Kementerian Agama | D9: 247 | E9: 20949 | F9: 4702 | G9: 208 | H9: =sum(D9:G9) -> 26106 | I9: =D9/H9 -> 0.0094614265 | J9: =E9/H9 -> 0.8024592 | K9: =F9/H9 -> 0.18011185 | L9: =G9/H9 -> 0.007967517 | M9: =SUM(I9:L9) -> 1
B10: 3023 | C10: Kementerian Hak Asasi Manusia | D10: 0 | E10: 7 | F10: 24 | G10: 1 | H10: =sum(D10:G10) -> 32 | I10: =D10/H10 -> 0 | J10: =E10/H10 -> 0.21875 | K10: =F10/H10 -> 0.75 | L10: =G10/H10 -> 0.03125 | M10: =SUM(I10:L10) -> 1
B11: 3024 | C11: Kementerian Imigrasi dan Pemasyarakatan | D11: 0 | E11: 757 | F11: 1881 | G11: 1019 | H11: =sum(D11:G11) -> 3657 | I11: =D11/H11 -> 0 | J11: =E11/H11 -> 0.20700027 | K11: =F11/H11 -> 0.51435603 | L11: =G11/H11 -> 0.2786437 | M11: =SUM(I11:L11) -> 1
B12: 3038 | C12: Kementerian Hukum | D12: 0 | E12: 54 | F12: 114 | G12: 32 | H12: =sum(D12:G12) -> 200 | I12: =D12/H12 -> 0 | J12: =E12/H12 -> 0.27 | K12: =F12/H12 -> 0.57 | L12: =G12/H12 -> 0.16 | M12: =SUM(I12:L12) -> 1
B13: 4002 | C13: Kejaksaan Agung | D13: 3 | E13: 24 | F13: 35 | G13: 1 | H13: =sum(D13:G13) -> 63 | I13: =D13/H13 -> 0.047619048 | J13: =E13/H13 -> 0.38095238 | K13: =F13/H13 -> 0.55555556 | L13: =G13/H13 -> 0.015873016 | M13: =SUM(I13:L13) -> 1
B14: 4007 | C14: Mahkamah Agung RI | D14: 115 | E14: 1082 | F14: 948 | G14: 223 | H14: =sum(D14:G14) -> 2368 | I14: =D14/H14 -> 0.048564189 | J14: =E14/H14 -> 0.45692568 | K14: =F14/H14 -> 0.40033784 | L14: =G14/H14 -> 0.094172297 | M14: =SUM(I14:L14) -> 1
B15: 4008 | C15: Badan Pemeriksa Keuangan | D15: 0 | E15: 108 | F15: 125 | G15: 6 | H15: =sum(D15:G15) -> 239 | I15: =D15/H15 -> 0 | J15: =E15/H15 -> 0.45188285 | K15: =F15/H15 -> 0.52301255 | L15: =G15/H15 -> 0.025104603 | M15: =SUM(I15:L15) -> 1
B16: 4016 | C16: Badan Pusat Statistik | D16: 0 | E16: 560 | F16: 631 | G16: 95 | H16: =sum(D16:G16) -> 1286 | I16: =D16/H16 -> 0 | J16: =E16/H16 -> 0.43545879 | K16: =F16/H16 -> 0.49066874 | L16: =G16/H16 -> 0.073872473 | M16: =SUM(I16:L16) -> 1
B17: 4020 | C17: Kementerian Kependudukan Dan Pembangunan Keluarga/Badan Kependudukan Dan Keluarga Berencana Nasional | D17: 0 | E17: 610 | F17: 1051 | G17: 85 | H17: =sum(D17:G17) -> 1746 | I17: =D17/H17 -> 0 | J17: =E17/H17 -> 0.34936999 | K17: =F17/H17 -> 0.60194731 | L17: =G17/H17 -> 0.048682703 | M17: =SUM(I17:L17) -> 1
B18: 4023 | C18: Badan Pengawasan Keuangan dan Pembangunan | D18: 0 | E18: 120 | F18: 72 | G18: 21 | H18: =sum(D18:G18) -> 213 | I18: =D18/H18 -> 0 | J18: =E18/H18 -> 0.56338028
B19: 4024 | C19: Kementerian Agraria dan Tata Ruang/Badan Pertanahan Nasional | D19: 0 | E19: 142 | F19: 60 | G19: 4 | H19: =sum(D19:G19) -> 206 | I19: =D19/H19 -> 0 | J19: =E19/H19 -> 0.68932039 | K19: =F19/H19 -> 0.29126214 | L19: =G19/H19 -> 0.019417476 | M19: =SUM(I19:L19) -> 1
B20: 4033 | C20: Kepolisian Negara | D20: 0 | E20: 625 | F20: 275 | G20: 25 | H20: =sum(D20:G20) -> 925 | I20: =D20/H20 -> 0 | J20: =E20/H20 -> 0.67567568 | K20: =F20/H20 -> 0.2972973 | L20: =G20/H20 -> 0.027027027 | M20: =SUM(I20:L20) -> 1
B21: 4071 | C21: Badan Karantina Indonesia | D21: 0 | E21: 155 | F21: 230 | G21: 10 | H21: =sum(D21:G21) -> 395 | I21: =D21/H21 -> 0 | J21: =E21/H21 -> 0.39240506 | K21: =F21/H21 -> 0.58227848 | L21: =G21/H21 -> 0.025316456 | M21: =SUM(I21:L21) -> 1
A22: JUMLAH INSTANSI PUSAT | D22: =SUM(D6:D21) -> 407 | E22: =SUM(E6:E21) -> 28792 | F22: =SUM(F6:F21) -> 13057 | G22: =SUM(G6:G21) -> 2621 | H22: =SUM(H6:H21) -> 44877 | I22: =D22/H22 -> 0.0090692337 | J22: =E22/H22 -> 0.64157586 | K22: =F22/H22 -> 0.29095082 | L22: =G22/H22 -> 0.058404082 | M22: =SUM(I22:L22) -> 1
A23: INSTANSI DAERAH | B23: 6100 | C23: Pemerintah Provinsi Jawa Barat | D23: 42 | E23: 23893 | F23: 25480 | G23: 3057 | H23: =sum(D23:G23) -> 52472 | I23: =D23/H23 -> 0.00080042689 | J23: =E23/H23 -> 0.45534761 | K23: =F23/H23 -> 0.48559232 | L23: =G23/H23 -> 0.058259643 | M23: =SUM(I23:L23) -> 1
B24: 6101 | C24: Pemerintah Kab. Bogor | D24: 33 | E24: 10778 | F24: 12675 | G24: 2376 | H24: =sum(D24:G24) -> 25862 | I24: =D24/H24 -> 0.0012760034 | J24: =E24/H24 -> 0.41675044 | K24: =F24/H24 -> 0.49010131 | L24: =G24/H24 -> 0.091872245 | M24: =SUM(I24:L24) -> 1
B25: 6102 | C25: Pemerintah Kab. Sukabumi | D25: 34 | E25: 6807 | F25: 5612 | G25: 618 | H25: =sum(D25:G25) -> 13071 | I25: =D25/H25 -> 0.0026011782 | J25: =E25/H25 -> 0.52077117 | K25: =F25/H25 -> 0.42934741 | L25: =G25/H25 -> 0.047280239 | M25: =SUM(I25:L25) -> 1
B26: 6103 | C26: Pemerintah Kab. Cianjur | D26: 13 | E26: 7616 | F26: 6985 | G26: 838 | H26: =sum(D26:G26) -> 15452 | I26: =D26/H26 -> 0.00084131504 | J26: =E26/H26 -> 0.49288118 | K26: =F26/H26 -> 0.45204504 | L26: =G26/H26 -> 0.054232462 | M26: =SUM(I26:L26) -> 1
B27: 6104 | C27: Pemerintah Kab. Bekasi | D27: 7 | E27: 8926 | F27: 11519 | G27: 2007 | H27: =sum(D27:G27) -> 22459 | I27: =D27/H27 -> 0.00031167906 | J27: =E27/H27 -> 0.39743533 | K27: =F27/H27 -> 0.51289016 | L27: =G27/H27 -> 0.089362839 | M27: =SUM(I27:L27) -> 1
B28: 6105 | C28: Pemerintah Kab. Karawang | D28: 12 | E28: 6442 | F28: 6023 | G28: 943 | H28: =sum(D28:G28) -> 13420 | I28: =D28/H28 -> 0.00089418778 | J28: =E28/H28 -> 0.48002981 | K28: =F28/H28 -> 0.44880775 | L28: =G28/H28 -> 0.070268256 | M28: =SUM(I28:L28) -> 1
B29: 6106 | C29: Pemerintah Kab. Purwakarta | D29: 1 | E29: 4113 | F29: 3362 | G29: 531 | H29: =sum(D29:G29) -> 8007 | I29: =D29/H29 -> 0.00012489072 | J29: =E29/H29 -> 0.51367553 | K29: =F29/H29 -> 0.4198826 | L29: =G29/H29 -> 0.066316973 | M29: =SUM(I29:L29) -> 1
B30: 6107 | C30: Pemerintah Kab. Subang | D30: 8 | E30: 6755 | F30: 4909 | G30: 561 | H30: =sum(D30:G30) -> 12233 | I30: =D30/H30 -> 0.00065396877 | J30: =E30/H30 -> 0.55219488 | K30: =F30/H30 -> 0.40129159 | L30: =G30/H30 -> 0.04585956 | M30: =SUM(I30:L30) -> 1
B31: 6108 | C31: Pemerintah Kab. Bandung | D31: 96 | E31: 9537 | F31: 7712 | G31: 1813 | H31: =sum(D31:G31) -> 19158 | I31: =D31/H31 -> 0.0050109615 | J31: =E31/H31 -> 0.4978077 | K31: =F31/H31 -> 0.40254724 | L31: =G31/H31 -> 0.094634095 | M31: =SUM(I31:L31) -> 1
B32: 6109 | C32: Pemerintah Kab. Sumedang | D32: 3 | E32: 5523 | F32: 3829 | G32: 615 | H32: =sum(D32:G32) -> 9970 | I32: =D32/H32 -> 0.00030090271 | J32: =E32/H32 -> 0.55396189 | K32: =F32/H32 -> 0.38405216 | L32: =G32/H32 -> 0.061685055 | M32: =SUM(I32:L32) -> 1
B33: 6110 | C33: Pemerintah Kab. Garut | D33: 9 | E33: 9535 | F33: 9588 | G33: 1022 | H33: =sum(D33:G33) -> 20154 | I33: =D33/H33 -> 0.00044656148 | J33: =E33/H33 -> 0.47310708 | K33: =F33/H33 -> 0.47573683 | L33: =G33/H33 -> 0.050709537 | M33: =SUM(I33:L33) -> 1
B34: 6111 | C34: Pemerintah Kab. Tasikmalaya | D34: 0 | E34: 5897 | F34: 5814 | G34: 700 | H34: =sum(D34:G34) -> 12411 | I34: =D34/H34 -> 0 | J34: =E34/H34 -> 0.47514302 | K34: =F34/H34 -> 0.4684554 | L34: =G34/H34 -> 0.056401579 | M34: =SUM(I34:L34) -> 1
B35: 6112 | C35: Pemerintah Kab. Ciamis | D35: 12 | E35: 4669 | F35: 4491 | G35: 700 | H35: =sum(D35:G35) -> 9872 | I35: =D35/H35 -> 0.0012155592 | J35: =E35/H35 -> 0.47295381 | K35: =F35/H35 -> 0.45492301 | L35: =G35/H35 -> 0.070907618 | M35: =SUM(I35:L35) -> 1
... B50: 6179 | C50: Pemerintah Kota Banjar | D50: 2 | E50: 1673 | F50: 2681 | G50: 505 | H50: =sum(D50:G50) -> 4861 | I50: =D50/H50 -> 0.00041143798 | J50: =E50/H50 -> 0.34416787 | K50: =F50/H50 -> 0.55153261 | L50: =G50/H50 -> 0.10388809 | M50: =SUM(I50:L50) -> 1
B51: JUMLAH SEWILAYAH JAWA BARAT | D51: =SUM(D23:D50) -> 422 | E51: =SUM(E23:E50) -> 179238 | F51: =SUM(F23:F50) -> 172542 | G51: =SUM(G23:G50) -> 26542 | H51: =SUM(H23:H50) -> 378744 | I51: =D51/H51 -> 0.0011142091 | J51: =E51/H51 -> 0.47324314 | K51: =F51/H51 -> 0.45556365 | L51: =G51/H51 -> 0.070078998 | M51: =SUM(I51:L51) -> 1
B52: 6200 | C52: Pemerintah Provinsi Banten | D52: 9 | E52: 8541 | F52: 11196 | G52: 1909 | H52: =sum(D52:G52) -> 21655 | I52: =D52/H52 -> 0.0004156084 | J52: =E52/H52 -> 0.39441238 | K52: =F52/H52 -> 0.51701686 | L52: =G52/H52 -> 0.08815516 | M52: =SUM(I52:L52) -> 1
B53: 6201 | C53: Pemerintah Kab. Serang | D53: 7 | E53: 5704 | F53: 4135 | G53: 325 | H53: =sum(D53:G53) -> 10171 | I53: =D53/H53 -> 0.00068823125 | J53: =E53/H53 -> 0.56081015 | K53: =F53/H53 -> 0.40654803 | L53: =G53/H53 -> 0.031953594 | M53: =SUM(I53:L53) -> 1
B54: 6202 | C54: Pemerintah Kab. Pandeglang | D54: 19 | E54: 6413 | F54: 5687 | G54: 516 | H54: =sum(D54:G54) -> 12635 | I54: =D54/H54 -> 0.0015037594 | J54: =E54/H54 -> 0.50755837 | K54: =F54/H54 -> 0.45009893 | L54: =G54/H54 -> 0.040838939 | M54: =SUM(I54:L54) -> 1
B55: 6203 | C55: Pemerintah Kab. Lebak | D55: 5 | E55: 5687 | F55: 6113 | G55: 579 | H55: =sum(D55:G55) -> 12384 | I55: =D55/H55 -> 0.00040374677 | J55: =E55/H55 -> 0.45922158 | K55: =F55/H55 -> 0.4936208 | L55: =G55/H55 -> 0.046753876 | M55: =SUM(I55:L55) -> 1
B56: 6204 | C56: Pemerintah Kab. Tangerang | D56: 32 | E56: 7804 | F56: 6936 | G56: 1088 | H56: =sum(D56:G56) -> 15860 | I56: =D56/H56 -> 0.0020176545 | J56: =E56/H56 -> 0.49205549 | K56: =F56/H56 -> 0.43732661 | L56: =G56/H56 -> 0.068600252 | M56: =SUM(I56:L56) -> 1
B57: 6271 | C57: Pemerintah Kota Tangerang | D57: 2 | E57: 6037 | F57: 6362 | G57: 1329 | H57: =sum(D57:G57) -> 13730 | I57: =D57/H57 -> 0.00014566642 | J57: =E57/H57 -> 0.4396941 | K57: =F57/H57 -> 0.46336489 | L57: =G57/H57 -> 0.096795339 | M57: =SUM(I57:L57) -> 1
B58: 6272 | C58: Pemerintah Kota Cilegon | D58: 4 | E58: 3079 | F58: 2529 | G58: 250 | H58: =sum(D58:G58) -> 5862 | I58: =D58/H58 -> 0.00068236097 | J58: =E58/H58 -> 0.52524736 | K58: =F58/H58 -> 0.43142272 | L58: =G58/H58 -> 0.042647561 | M58: =SUM(I58:L58) -> 1
B59: 6273 | C59: Pemerintah Kota Serang | D59: 1 | E59: 2306 | F59: 2786 | G59: 754 | H59: =sum(D59:G59) -> 5847 | I59: =D59/H59 -> 0.00017102788 | J59: =E59/H59 -> 0.39439029 | K59: =F59/H59 -> 0.47648367 | L59: =G59/H59 -> 0.12895502 | M59: =SUM(I59:L59) -> 1
B60: 6274 | C60: Pemerintah Kota Tangerang Selatan | D60: 10 | E60: 5117 | F60: 8433 | G60: 1846 | H60: =sum(D60:G60) -> 15406 | I60: =D60/H60 -> 0.00064909775 | J60: =E60/H60 -> 0.33214332 | K60: =F60/H60 -> 0.54738414 | L60: =G60/H60 -> 0.11982345 | M60: =SUM(I60:L60) -> 1
B61: JUMLAH SEWILAYAH BANTEN | D61: =SUM(D52:D60) -> 89 | E61: =SUM(E52:E60) -> 50688 | F61: =SUM(F52:F60) -> 54177 | G61: =SUM(G52:G60) -> 8596 | H61: =SUM(H52:H60) -> 113550 | I61: =D61/H61 -> 0.00078379568 | J61: =E61/H61 -> 0.44639366 | K61: =F61/H61 -> 0.47712021 | L61: =G61/H61 -> 0.075702334 | M61: =SUM(I61:L61) -> 1
A62: JUMLAH INSTANSI DAERAH | D62: =D51+D61 -> 511 | E62: =E51+E61 -> 229926 | F62: =F51+F61 -> 226719 | G62: =G51+G61 -> 35138 | H62: =H51+H61 -> 492294 | I62: =D62/H62 -> 0.0010379976 | J62: =E62/H62 -> 0.46705018 | K62: =F62/H62 -> 0.46053578 | L62: =G62/H62 -> 0.071376048 | M62: =SUM(I62:L62) -> 1
A63: JUMLAH se-WILAYAH KERJA KANTOR REGIONAL | D63: =D22+D62 -> 918 | E63: =E22+E62 -> 258718 | F63: =F22+F62 -> 239776 | G63: =G22+G62 -> 37759 | H63: =H22+H62 -> 537171 | I63: =D63/H63 -> 0.001708953 | J63: =E63/H63 -> 0.48163062 | K63: =F63/H63 -> 0.4463681 | L63: =G63/H63 -> 0.070292328 | M63: =SUM(I63:L63) -> 1
A64: PERSENTASE | D64: =D63/H63 -> 0.001708953 | E64: =E63/H63 -> 0.48163062 | F64: =F63/H63 -> 0.4463681 | G64: =G63/H63 -> 0.070292328 | H64: =H63/H63 -> 1 | I64: =D64/H64 -> 0.001708953 | J64: =E64/H64 -> 0.48163062 | K64: =F64/H64 -> 0.4463681 | L64: =G64/H64 -> 0.070292328 | M64: =SUM(I64:L64) -> 1

Sheet MASA KERJA ASN
A1: ASN OKTOBER 2025
A2: berdasarkan Masa Kerja ASN
A3: keadaan data pada tanggal : 2 November 2025
A5: JENIS | B5: KODE | C5: INSTANSI | D5: MASA KERJA 0-10 | E5: MASA KERJA 11-20 | F5: MASA KERJA 21-30 | G5: MASA KERJA >30 | H5: JUMLAH | I5: %MASA KERJA 0-10 | J5: %MASA KERJA 11-20 | K5: %MASA KERJA 21-30 | L5: %MASA KERJA >30
A6: INSTANSI PUSAT | B6: 3003 | C6: Kementerian Pertahanan | D6: 1155 | E6: 334 | F6: 435 | G6: 882 | H6: =SUM(D6:G6) -> 2806 | I6: =D6/H6 -> 0.41161796 | J6: =E6/H6 -> 0.11903065 | K6: =F6/H6 -> 0.15502495 | L6: =G6/H6 -> 0.31432644
B7: 3005 | C7: Kementerian Keuangan | D7: 1116 | E7: 743 | F7: 729 | G7: 425 | H7: =SUM(D7:G7) -> 3013 | I7: =D7/H7 -> 0.37039496 | J7: =E7/H7 -> 0.24659807 | K7: =F7/H7 -> 0.24195154 | L7: =G7/H7 -> 0.14105543
B8: 3006 | C8: Kementerian Pertanian | D8: 405 | E8: 839 | F8: 256 | G8: 122 | H8: =SUM(D8:G8) -> 1622 | I8: =D8/H8 -> 0.24969174 | J8: =E8/H8 -> 0.51726264 | K8: =F8/H8 -> 0.15782984 | L8: =G8/H8 -> 0.075215783
B9: 3012 | C9: Kementerian Agama | D9: 4627 | E9: 13240 | F9: 4651 | G9: 3588 | H9: =SUM(D9:G9) -> 26106 | I9: =D9/H9 -> 0.17723895 | J9: =E9/H9 -> 0.5071631 | K9: =F9/H9 -> 0.17815828 | L9: =G9/H9 -> 0.13743967
B10: 3023 | C10: Kementerian Hak Asasi Manusia | D10: 14 | E10: 13 | F10: 4 | G10: 1 | H10: =SUM(D10:G10) -> 32 | I10: =D10/H10 -> 0.4375 | J10: =E10/H10 -> 0.40625 | K10: =F10/H10 -> 0.125 | L10: =G10/H10 -> 0.03125
B11: 3024 | C11: Kementerian Imigrasi dan Pemasyarakatan | D11: 1815 | E11: 1080 | F11: 460 | G11: 302 | H11: =SUM(D11:G11) -> 3657 | I11: =D11/H11 -> 0.49630845 | J11: =E11/H11 -> 0.29532404 | K11: =F11/H11 -> 0.12578616 | L11: =G11/H11 -> 0.082581351
B12: 3038 | C12: Kementerian Hukum | D12: 79 | E12: 78 | F12: 35 | G12: 8 | H12: =SUM(D12:G12) -> 200 | I12: =D12/H12 -> 0.395 | J12: =E12/H12 -> 0.39 | K12: =F12/H12 -> 0.175 | L12: =G12/H12 -> 0.04
B13: 4002 | C13: Kejaksaan Agung | D13: 5 | E13: 35 | F13: 9 | G13: 14 | H13: =SUM(D13:G13) -> 63 | I13: =D13/H13 -> 0.079365079 | J13: =E13/H13 -> 0.55555556 | K13: =F13/H13 -> 0.14285714 | L13: =G13/H13 -> 0.22222222
B14: 4007 | C14: Mahkamah Agung RI | D14: 663 | E14: 821 | F14: 306 | G14: 578
B15: 4008 | C15: Badan Pemeriksa Keuangan | D15: 19 | E15: 159 | F15: 50 | G15: 11 | H15: =SUM(D15:G15) -> 239 | I15: =D15/H15 -> 0.079497908 | J15: =E15/H15 -> 0.66527197 | K15: =F15/H15 -> 0.20920502 | L15: =G15/H15 -> 0.046025105
B16: 4016 | C16: Badan Pusat Statistik | D16: 210 | E16: 637 | F16: 196 | G16: 243 | H16: =SUM(D16:G16) -> 1286 | I16: =D16/H16 -> 0.16329705 | J16: =E16/H16 -> 0.49533437 | K16: =F16/H16 -> 0.15241058 | L16: =G16/H16 -> 0.18895801
B17: 4020 | C17: Kementerian Kependudukan Dan Pembangunan Keluarga/Badan Kependudukan Dan Keluarga Berencana Nasional | D17: 1222 | E17: 339 | F17: 34 | G17: 151 | H17: =SUM(D17:G17) -> 1746 | I17: =D17/H17 -> 0.69988545 | J17: =E17/H17 -> 0.19415808 | K17: =F17/H17 -> 0.019473081 | L17: =G17/H17 -> 0.086483391
B18: 4023 | C18: Badan Pengawasan Keuangan dan Pembangunan | D18: 32 | E18: 61 | F18: 41 | G18: 79 | H18: =SUM(D18:G18) -> 213 | I18: =D18/H18 -> 0.15023474 | J18: =E18/H18 -> 0.28638498 | K18: =F18/H18 -> 0.19248826 | L18: =G18/H18 -> 0.37089202
B19: 4024 | C19: Kementerian Agraria dan Tata Ruang/Badan Pertanahan Nasional | D19: 10 | E19: 76 | F19: 56 | G19: 64 | H19: =SUM(D19:G19) -> 206 | I19: =D19/H19 -> 0.048543689 | J19: =E19/H19 -> 0.36893204 | K19: =F19/H19 -> 0.27184466 | L19: =G19/H19 -> 0.31067961
B20: 4033 | C20: Kepolisian Negara | D20: 412 | E20: 337 | F20: 118 | G20: 58 | H20: =SUM(D20:G20) -> 925 | I20: =D20/H20 -> 0.44540541 | J20: =E20/H20 -> 0.36432432 | K20: =F20/H20 -> 0.12756757 | L20: =G20/H20 -> 0.062702703
B21: 4071 | C21: Badan Karantina Indonesia | D21: 56 | E21: 258 | F21: 67 | G21: 14 | H21: =SUM(D21:G21) -> 395 | I21: =D21/H21 -> 0.14177215 | J21: =E21/H21 -> 0.65316456 | K21: =F21/H21 -> 0.16962025 | L21: =G21/H21 -> 0.035443038
A22: JUMLAH INSTANSI PUSAT | D22: =SUM(D6:D21) -> 11840 | E22: =SUM(E6:E21) -> 19050 | F22: =SUM(F6:F21) -> 7447 | G22: =SUM(G6:G21) -> 6540 | H22: =SUM(H6:H21) -> 42509 | I22: =D22/H22 -> 0.27852925 | J22: =E22/H22 -> 0.44814039 | K22: =F22/H22 -> 0.17518643 | L22: =G22/H22 -> 0.15384977
A23: INSTANSI DAERAH | B23: 6100 | C23: Pemerintah Provinsi Jawa Barat | D23: 30937 | E23: 14845 | F23: 3806 | G23: 2884 | H23: =SUM(D23:G23) -> 52472 | I23: =D23/H23 -> 0.58959064 | J23: =E23/H23 -> 0.28291279 | K23: =F23/H23 -> 0.072533923 | L23: =G23/H23 -> 0.054962647
B24: 6101 | C24: Pemerintah Kab. Bogor | D24: 16494 | E24: 6003 | F24: 1629 | G24: 1736 | H24: =SUM(D24:G24) -> 25862 | I24: =D24/H24 -> 0.6377697 | J24: =E24/H24 -> 0.23211662 | K24: =F24/H24 -> 0.062988168 | L24: =G24/H24 -> 0.067125512
B25: 6102 | C25: Pemerintah Kab. Sukabumi | D25: 6181 | E25: 4511 | F25: 924 | G25: 1455 | H25: =SUM(D25:G25) -> 13071 | I25: =D25/H25 -> 0.47287889 | J25: =E25/H25 -> 0.34511514 | K25: =F25/H25 -> 0.070690842 | L25: =G25/H25 -> 0.11131513
B26: 6103 | C26: Pemerintah Kab. Cianjur | D26: 8655 | E26: 4502 | F26: 970 | G26: 1325 | H26: =SUM(D26:G26) -> 15452 | I26: =D26/H26 -> 0.56012167 | J26: =E26/H26 -> 0.29135387 | K26: =F26/H26 -> 0.062775045 | L26: =G26/H26 -> 0.085749418
B27: 6104 | C27: Pemerintah Kab. Bekasi | D27: 14907 | E27: 5381 | F27: 1218 | G27: 953 | H27: =SUM(D27:G27) -> 22459 | I27: =D27/H27 -> 0.66374282 | J27: =E27/H27 -> 0.23959215 | K27: =F27/H27 -> 0.054232156 | L27: =G27/H27 -> 0.042432878
B28: 6105 | C28: Pemerintah Kab. Karawang | D28: 7495 | E28: 3687 | F28: 1087 | G28: 1151 | H28: =SUM(D28:G28) -> 13420 | I28: =D28/H28 -> 0.55849478 | J28: =E28/H28 -> 0.2747392 | K28: =F28/H28 -> 0.08099851 | L28: =G28/H28 -> 0.085767511
B29: 6106 | C29: Pemerintah Kab. Purwakarta | D29: 3603 | E29: 3315 | F29: 589 | G29: 500 | H29: =SUM(D29:G29) -> 8007 | I29: =D29/H29 -> 0.44998127 | J29: =E29/H29 -> 0.41401274 | K29: =F29/H29 -> 0.073560634 | L29: =G29/H29 -> 0.06244536
B30: 6107 | C30: Pemerintah Kab. Subang | D30: 5085 | E30: 5294 | F30: 893 | G30: 961 | H30: =SUM(D30:G30) -> 12233 | I30: =D30/H30 -> 0.4156789 | J30: =E30/H30 -> 0.43276384 | K30: =F30/H30 -> 0.072999264 | L30: =G30/H30 -> 0.078557999
B31: 6108 | C31: Pemerintah Kab. Bandung | D31: 10971 | E31: 4787 | F31: 1277 | G31: 2123 | H31: =SUM(D31:G31) -> 19158 | I31: =D31/H31 -> 0.57265894 | J31: =E31/H31 -> 0.24986951 | K31: =F31/H31 -> 0.066656227 | L31: =G31/H31 -> 0.11081533
B32: 6109 | C32: Pemerintah Kab. Sumedang | D32: 4663 | E32: 3336 | F32: 934 | G32: 1037 | H32: =SUM(D32:G32) -> 9970 | I32: =D32/H32 -> 0.46770311 | J32: =E32/H32 -> 0.33460381 | K32: =F32/H32 -> 0.093681043 | L32: =G32/H32 -> 0.10401204
B33: 6110 | C33: Pemerintah Kab. Garut | D33: 11937 | E33: 5251 | F33: 1209 | G33: 1757 | H33: =SUM(D33:G33) -> 20154 | I33: =D33/H33 -> 0.59228937 | J33: =E33/H33 -> 0.26054381 | K33: =F33/H33 -> 0.059988092 | L33: =G33/H33 -> 0.087178724
B34: 6111 | C34: Pemerintah Kab. Tasikmalaya | D34: 6426 | E34: 3835 | F34: 994 | G34: 1156 | H34: =SUM(D34:G34) -> 12411 | I34: =D34/H34 -> 0.5177665 | J34: =E34/H34 -> 0.30900008 | K34: =F34/H34 -> 0.080090243 | L34: =G34/H34 -> 0.093143179
B35: 6112 | C35: Pemerintah Kab. Ciamis | D35: 5047 | E35: 2940 | F35: 957 | G35: 928 | H35: =SUM(D35:G35) -> 9872 | I35: =D35/H35 -> 0.51124392 | J35: =E35/H35 -> 0.29781199 | K35: =F35/H35 -> 0.096940843 | L35: =G35/H35 -> 0.094003241
... B50: 6179 | C50: Pemerintah Kota Banjar | D50: 3094 | E50: 1382 | F50: 255 | G50: 130 | H50: =SUM(D50:G50) -> 4861 | I50: =D50/H50 -> 0.63649455 | J50: =E50/H50 -> 0.28430364 | K50: =F50/H50 -> 0.052458342 | L50: =G50/H50 -> 0.026743468
B51: JUMLAH SEWILAYAH JAWA BARAT | D51: =SUM(D23:D50) -> 207582 | E51: =SUM(E23:E50) -> 116763 | F51: =SUM(F23:F50) -> 26558 | G51: =SUM(G23:G50) -> 27841 | H51: =SUM(H23:H50) -> 378744 | I51: =D51/H51 -> 0.54807997 | J51: =E51/H51 -> 0.30829003 | K51: =F51/H51 -> 0.070121243 | L51: =G51/H51 -> 0.073508755
B52: 6200 | C52: Pemerintah Provinsi Banten | D52: 14140 | E52: 5272 | F52: 1799 | G52: 444 | H52: =SUM(D52:G52) -> 21655 | I52: =D52/H52 -> 0.65296698 | J52: =E52/H52 -> 0.24345417 | K52: =F52/H52 -> 0.083075502 | L52: =G52/H52 -> 0.020503348
B53: 6201 | C53: Pemerintah Kab. Serang | D53: 3979 | E53: 4761 | F53: 721 | G53: 710 | H53: =SUM(D53:G53) -> 10171 | I53: =D53/H53 -> 0.3912103 | J53: =E53/H53 -> 0.46809557 | K53: =F53/H53 -> 0.070887818 | L53: =G53/H53 -> 0.069806312
B54: 6202 | C54: Pemerintah Kab. Pandeglang | D54: 6344 | E54: 4693 | F54: 737 | G54: 861 | H54: =SUM(D54:G54) -> 12635 | I54: =D54/H54 -> 0.50209735 | J54: =E54/H54 -> 0.37142857 | K54: =F54/H54 -> 0.058330036 | L54: =G54/H54 -> 0.068144044
B55: 6203 | C55: Pemerintah Kab. Lebak | D55: 6672 | E55: 4134 | F55: 750 | G55: 828 | H55: =SUM(D55:G55) -> 12384 | I55: =D55/H55 -> 0.53875969 | J55: =E55/H55 -> 0.33381783 | K55: =F55/H55 -> 0.060562015 | L55: =G55/H55 -> 0.066860465
B56: 6204 | C56: Pemerintah Kab. Tangerang | D56: 8854 | E56: 5107 | F56: 958 | G56: 941 | H56: =SUM(D56:G56) -> 15860 | I56: =D56/H56 -> 0.55825977 | J56: =E56/H56 -> 0.32200504 | K56: =F56/H56 -> 0.060403531 | L56: =G56/H56 -> 0.059331652
B57: 6271 | C57: Pemerintah Kota Tangerang | D57: 8550 | E57: 3871 | F57: 812 | G57: 497 | H57: =SUM(D57:G57) -> 13730 | I57: =D57/H57 -> 0.62272396 | J57: =E57/H57 -> 0.28193736 | K57: =F57/H57 -> 0.059140568 | L57: =G57/H57 -> 0.036198106
B58: 6272 | C58: Pemerintah Kota Cilegon | D58: 2204 | E58: 2885 | F58: 503 | G58: 270 | H58: =SUM(D58:G58) -> 5862 | I58: =D58/H58 -> 0.37598089 | J58: =E58/H58 -> 0.49215285 | K58: =F58/H58 -> 0.085806892 | L58: =G58/H58 -> 0.046059365
B59: 6273 | C59: Pemerintah Kota Serang | D59: 3110 | E59: 1969 | F59: 443 | G59: 325 | H59: =SUM(D59:G59) -> 5847 | I59: =D59/H59 -> 0.5318967 | J59: =E59/H59 -> 0.33675389 | K59: =F59/H59 -> 0.07576535 | L59: =G59/H59 -> 0.05558406
B60: 6274 | C60: Pemerintah Kota Tangerang Selatan | D60: 12063 | E60: 2510 | F60: 498 | G60: 335 | H60: =SUM(D60:G60) -> 15406 | I60: =D60/H60 -> 0.78300662 | J60: =E60/H60 -> 0.16292354 | K60: =F60/H60 -> 0.032325068 | L60: =G60/H60 -> 0.021744775
B61: JUMLAH SEWILAYAH BANTEN | D61: =SUM(D52:D60) -> 65916 | E61: =SUM(E52:E60) -> 35202 | F61: =SUM(F52:F60) -> 7221 | G61: =SUM(G52:G60) -> 5211 | H61: =SUM(H52:H60) -> 113550 | I61: =D61/H61 -> 0.58050198 | J61: =E61/H61 -> 0.31001321 | K61: =F61/H61 -> 0.063593131 | L61: =G61/H61 -> 0.045891678
A62: JUMLAH INSTANSI DAERAH | D62: =D51+D61 -> 273498 | E62: =E51+E61 -> 151965 | F62: =F51+F61 -> 33779 | G62: =G51+G61 -> 33052 | H62: =H51+H61 -> 492294 | I62: =D62/H62 -> 0.55555826 | J62: =E62/H62 -> 0.30868749 | K62: =F62/H62 -> 0.068615502 | L62: =G62/H62 -> 0.067138742
A63: JUMLAH se-WILAYAH KERJA KANTOR REGIONAL | D63: =D22+D62 -> 285338 | E63: =E22+E62 -> 171015 | F63: =F22+F62 -> 41226 | G63: =G22+G62 -> 39592 | H63: =H22+H62 -> 534803 | I63: =D63/H63 -> 0.53353852 | J63: =E63/H63 -> 0.31977195 | K63: =F63/H63 -> 0.077086329 | L63: =G63/H63 -> 0.074030998
A64: PERSENTASE | D64: =D63/H63 -> 0.53353852 | E64: =E63/H63 -> 0.31977195 | F64: =F63/H63 -> 0.077086329 | G64: =G63/H63 -> 0.074030998 | H64: 1 | I64: =D64/H64 -> 0.53353852 | J64: =E64/H64 -> 0.31977195 | K64: =F64/H64 -> 0.077086329 | L64: =G64/H64 -> 0.074030998
